USE BDInventario;
go

-- Unidades de medida

SET IDENTITY_INSERT UnidadMedida ON;
GO

INSERT INTO UnidadMedida (UnidadID, Nombre, Abreviatura) VALUES (1, 'Unidad', 'u');
INSERT INTO UnidadMedida (UnidadID, Nombre, Abreviatura) VALUES (2, 'Kilogramo', 'kg');
INSERT INTO UnidadMedida (UnidadID, Nombre, Abreviatura) VALUES (3, 'Litro', 'L');
INSERT INTO UnidadMedida (UnidadID, Nombre, Abreviatura) VALUES (4, 'Paquete', 'paq');
GO

SET IDENTITY_INSERT UnidadMedida OFF;
GO

-- Categorías
INSERT INTO Categoria (CategoriaID, Nombre) VALUES (1, 'Categoría 1');
INSERT INTO Categoria (CategoriaID, Nombre) VALUES (2, 'Categoría 2');
INSERT INTO Categoria (CategoriaID, Nombre) VALUES (3, 'Categoría 3');
INSERT INTO Categoria (CategoriaID, Nombre) VALUES (4, 'Categoría 4');
INSERT INTO Categoria (CategoriaID, Nombre) VALUES (5, 'Categoría 5');
INSERT INTO Categoria (CategoriaID, Nombre) VALUES (6, 'Categoría 6');
INSERT INTO Categoria (CategoriaID, Nombre) VALUES (7, 'Categoría 7');
INSERT INTO Categoria (CategoriaID, Nombre) VALUES (8, 'Categoría 8');

-- Productos
INSERT INTO Producto (ProductoID, Codigo, Nombre, CategoriaID, Precio, Stock, StockMinimo, UnidadID) VALUES (1, 'C01P001', 'CatProd01', 1, 2.13, 118, 11, 1);
INSERT INTO Producto (ProductoID, Codigo, Nombre, CategoriaID, Precio, Stock, StockMinimo, UnidadID) VALUES (2, 'C01P002', 'CatProd02', 1, 38.88, 183, 13, 1);
INSERT INTO Producto (ProductoID, Codigo, Nombre, CategoriaID, Precio, Stock, StockMinimo, UnidadID) VALUES (3, 'C01P003', 'CatProd03', 1, 1.75, 81, 14, 2);
INSERT INTO Producto (ProductoID, Codigo, Nombre, CategoriaID, Precio, Stock, StockMinimo, UnidadID) VALUES (4, 'C01P004', 'CatProd04', 1, 7.65, 198, 16, 4);
INSERT INTO Producto (ProductoID, Codigo, Nombre, CategoriaID, Precio, Stock, StockMinimo, UnidadID) VALUES (5, 'C01P005', 'CatProd05', 1, 28.89, 80, 7, 2);
INSERT INTO Producto (ProductoID, Codigo, Nombre, CategoriaID, Precio, Stock, StockMinimo, UnidadID) VALUES (6, 'C01P006', 'CatProd06', 1, 12.11, 192, 20, 1);
INSERT INTO Producto (ProductoID, Codigo, Nombre, CategoriaID, Precio, Stock, StockMinimo, UnidadID) VALUES (7, 'C01P007', 'CatProd07', 1, 22.31, 154, 12, 1);
INSERT INTO Producto (ProductoID, Codigo, Nombre, CategoriaID, Precio, Stock, StockMinimo, UnidadID) VALUES (8, 'C01P008', 'CatProd08', 1, 47.81, 68, 17, 3);
INSERT INTO Producto (ProductoID, Codigo, Nombre, CategoriaID, Precio, Stock, StockMinimo, UnidadID) VALUES (9, 'C01P009', 'CatProd09', 1, 11.09, 52, 8, 1);
INSERT INTO Producto (ProductoID, Codigo, Nombre, CategoriaID, Precio, Stock, StockMinimo, UnidadID) VALUES (10, 'C01P010', 'CatProd10', 1, 44.99, 69, 14, 4);
INSERT INTO Producto (ProductoID, Codigo, Nombre, CategoriaID, Precio, Stock, StockMinimo, UnidadID) VALUES (11, 'C02P001', 'CatProd01', 2, 26.15, 191, 5, 4);
INSERT INTO Producto (ProductoID, Codigo, Nombre, CategoriaID, Precio, Stock, StockMinimo, UnidadID) VALUES (12, 'C02P002', 'CatProd02', 2, 16.32, 154, 13, 3);
INSERT INTO Producto (ProductoID, Codigo, Nombre, CategoriaID, Precio, Stock, StockMinimo, UnidadID) VALUES (13, 'C02P003', 'CatProd03', 2, 26.74, 77, 15, 4);
INSERT INTO Producto (ProductoID, Codigo, Nombre, CategoriaID, Precio, Stock, StockMinimo, UnidadID) VALUES (14, 'C02P004', 'CatProd04', 2, 45.31, 99, 17, 1);
INSERT INTO Producto (ProductoID, Codigo, Nombre, CategoriaID, Precio, Stock, StockMinimo, UnidadID) VALUES (15, 'C02P005', 'CatProd05', 2, 43.65, 146, 10, 1);
INSERT INTO Producto (ProductoID, Codigo, Nombre, CategoriaID, Precio, Stock, StockMinimo, UnidadID) VALUES (16, 'C02P006', 'CatProd06', 2, 31.04, 97, 8, 4);
INSERT INTO Producto (ProductoID, Codigo, Nombre, CategoriaID, Precio, Stock, StockMinimo, UnidadID) VALUES (17, 'C02P007', 'CatProd07', 2, 29.86, 78, 11, 3);
INSERT INTO Producto (ProductoID, Codigo, Nombre, CategoriaID, Precio, Stock, StockMinimo, UnidadID) VALUES (18, 'C02P008', 'CatProd08', 2, 21.11, 65, 6, 2);
INSERT INTO Producto (ProductoID, Codigo, Nombre, CategoriaID, Precio, Stock, StockMinimo, UnidadID) VALUES (19, 'C02P009', 'CatProd09', 2, 48.63, 63, 19, 4);
INSERT INTO Producto (ProductoID, Codigo, Nombre, CategoriaID, Precio, Stock, StockMinimo, UnidadID) VALUES (20, 'C02P010', 'CatProd10', 2, 34.61, 71, 6, 3);
INSERT INTO Producto (ProductoID, Codigo, Nombre, CategoriaID, Precio, Stock, StockMinimo, UnidadID) VALUES (21, 'C03P001', 'CatProd01', 3, 25.69, 121, 6, 4);
INSERT INTO Producto (ProductoID, Codigo, Nombre, CategoriaID, Precio, Stock, StockMinimo, UnidadID) VALUES (22, 'C03P002', 'CatProd02', 3, 6.19, 160, 10, 3);
INSERT INTO Producto (ProductoID, Codigo, Nombre, CategoriaID, Precio, Stock, StockMinimo, UnidadID) VALUES (23, 'C03P003', 'CatProd03', 3, 48.44, 164, 17, 4);
INSERT INTO Producto (ProductoID, Codigo, Nombre, CategoriaID, Precio, Stock, StockMinimo, UnidadID) VALUES (24, 'C03P004', 'CatProd04', 3, 36.56, 177, 20, 1);
INSERT INTO Producto (ProductoID, Codigo, Nombre, CategoriaID, Precio, Stock, StockMinimo, UnidadID) VALUES (25, 'C03P005', 'CatProd05', 3, 20.64, 169, 5, 4);
INSERT INTO Producto (ProductoID, Codigo, Nombre, CategoriaID, Precio, Stock, StockMinimo, UnidadID) VALUES (26, 'C03P006', 'CatProd06', 3, 30.83, 100, 10, 2);
INSERT INTO Producto (ProductoID, Codigo, Nombre, CategoriaID, Precio, Stock, StockMinimo, UnidadID) VALUES (27, 'C03P007', 'CatProd07', 3, 7.89, 98, 6, 3);
INSERT INTO Producto (ProductoID, Codigo, Nombre, CategoriaID, Precio, Stock, StockMinimo, UnidadID) VALUES (28, 'C03P008', 'CatProd08', 3, 48.97, 158, 13, 1);
INSERT INTO Producto (ProductoID, Codigo, Nombre, CategoriaID, Precio, Stock, StockMinimo, UnidadID) VALUES (29, 'C03P009', 'CatProd09', 3, 45.87, 80, 10, 4);
INSERT INTO Producto (ProductoID, Codigo, Nombre, CategoriaID, Precio, Stock, StockMinimo, UnidadID) VALUES (30, 'C03P010', 'CatProd10', 3, 29.14, 132, 12, 4);
INSERT INTO Producto (ProductoID, Codigo, Nombre, CategoriaID, Precio, Stock, StockMinimo, UnidadID) VALUES (31, 'C04P001', 'CatProd01', 4, 4.6, 67, 6, 2);
INSERT INTO Producto (ProductoID, Codigo, Nombre, CategoriaID, Precio, Stock, StockMinimo, UnidadID) VALUES (32, 'C04P002', 'CatProd02', 4, 33.44, 176, 6, 4);
INSERT INTO Producto (ProductoID, Codigo, Nombre, CategoriaID, Precio, Stock, StockMinimo, UnidadID) VALUES (33, 'C04P003', 'CatProd03', 4, 39.43, 175, 13, 4);
INSERT INTO Producto (ProductoID, Codigo, Nombre, CategoriaID, Precio, Stock, StockMinimo, UnidadID) VALUES (34, 'C04P004', 'CatProd04', 4, 21.63, 186, 20, 3);
INSERT INTO Producto (ProductoID, Codigo, Nombre, CategoriaID, Precio, Stock, StockMinimo, UnidadID) VALUES (35, 'C04P005', 'CatProd05', 4, 43.04, 184, 7, 2);
INSERT INTO Producto (ProductoID, Codigo, Nombre, CategoriaID, Precio, Stock, StockMinimo, UnidadID) VALUES (36, 'C04P006', 'CatProd06', 4, 33.84, 182, 20, 3);
INSERT INTO Producto (ProductoID, Codigo, Nombre, CategoriaID, Precio, Stock, StockMinimo, UnidadID) VALUES (37, 'C04P007', 'CatProd07', 4, 35.44, 189, 5, 3);
INSERT INTO Producto (ProductoID, Codigo, Nombre, CategoriaID, Precio, Stock, StockMinimo, UnidadID) VALUES (38, 'C04P008', 'CatProd08', 4, 12.3, 197, 18, 4);
INSERT INTO Producto (ProductoID, Codigo, Nombre, CategoriaID, Precio, Stock, StockMinimo, UnidadID) VALUES (39, 'C04P009', 'CatProd09', 4, 47.35, 80, 6, 1);
INSERT INTO Producto (ProductoID, Codigo, Nombre, CategoriaID, Precio, Stock, StockMinimo, UnidadID) VALUES (40, 'C04P010', 'CatProd10', 4, 47.42, 184, 16, 1);
INSERT INTO Producto (ProductoID, Codigo, Nombre, CategoriaID, Precio, Stock, StockMinimo, UnidadID) VALUES (41, 'C05P001', 'CatProd01', 5, 26.89, 146, 5, 4);
INSERT INTO Producto (ProductoID, Codigo, Nombre, CategoriaID, Precio, Stock, StockMinimo, UnidadID) VALUES (42, 'C05P002', 'CatProd02', 5, 42.81, 136, 6, 4);
INSERT INTO Producto (ProductoID, Codigo, Nombre, CategoriaID, Precio, Stock, StockMinimo, UnidadID) VALUES (43, 'C05P003', 'CatProd03', 5, 11.03, 65, 6, 3);
INSERT INTO Producto (ProductoID, Codigo, Nombre, CategoriaID, Precio, Stock, StockMinimo, UnidadID) VALUES (44, 'C05P004', 'CatProd04', 5, 44.15, 51, 10, 2);
INSERT INTO Producto (ProductoID, Codigo, Nombre, CategoriaID, Precio, Stock, StockMinimo, UnidadID) VALUES (45, 'C05P005', 'CatProd05', 5, 42.47, 168, 12, 1);
INSERT INTO Producto (ProductoID, Codigo, Nombre, CategoriaID, Precio, Stock, StockMinimo, UnidadID) VALUES (46, 'C05P006', 'CatProd06', 5, 22.38, 118, 16, 4);
INSERT INTO Producto (ProductoID, Codigo, Nombre, CategoriaID, Precio, Stock, StockMinimo, UnidadID) VALUES (47, 'C05P007', 'CatProd07', 5, 42.3, 164, 16, 4);
INSERT INTO Producto (ProductoID, Codigo, Nombre, CategoriaID, Precio, Stock, StockMinimo, UnidadID) VALUES (48, 'C05P008', 'CatProd08', 5, 15.09, 77, 16, 1);
INSERT INTO Producto (ProductoID, Codigo, Nombre, CategoriaID, Precio, Stock, StockMinimo, UnidadID) VALUES (49, 'C05P009', 'CatProd09', 5, 19.43, 186, 11, 2);
INSERT INTO Producto (ProductoID, Codigo, Nombre, CategoriaID, Precio, Stock, StockMinimo, UnidadID) VALUES (50, 'C05P010', 'CatProd10', 5, 9.35, 143, 10, 3);
INSERT INTO Producto (ProductoID, Codigo, Nombre, CategoriaID, Precio, Stock, StockMinimo, UnidadID) VALUES (51, 'C06P001', 'CatProd01', 6, 44.72, 181, 12, 3);
INSERT INTO Producto (ProductoID, Codigo, Nombre, CategoriaID, Precio, Stock, StockMinimo, UnidadID) VALUES (52, 'C06P002', 'CatProd02', 6, 46.86, 92, 12, 2);
INSERT INTO Producto (ProductoID, Codigo, Nombre, CategoriaID, Precio, Stock, StockMinimo, UnidadID) VALUES (53, 'C06P003', 'CatProd03', 6, 47.85, 133, 10, 4);
INSERT INTO Producto (ProductoID, Codigo, Nombre, CategoriaID, Precio, Stock, StockMinimo, UnidadID) VALUES (54, 'C06P004', 'CatProd04', 6, 42.04, 126, 15, 4);
INSERT INTO Producto (ProductoID, Codigo, Nombre, CategoriaID, Precio, Stock, StockMinimo, UnidadID) VALUES (55, 'C06P005', 'CatProd05', 6, 35.02, 164, 5, 4);
INSERT INTO Producto (ProductoID, Codigo, Nombre, CategoriaID, Precio, Stock, StockMinimo, UnidadID) VALUES (56, 'C06P006', 'CatProd06', 6, 3.82, 65, 5, 1);
INSERT INTO Producto (ProductoID, Codigo, Nombre, CategoriaID, Precio, Stock, StockMinimo, UnidadID) VALUES (57, 'C06P007', 'CatProd07', 6, 49.39, 113, 14, 2);
INSERT INTO Producto (ProductoID, Codigo, Nombre, CategoriaID, Precio, Stock, StockMinimo, UnidadID) VALUES (58, 'C06P008', 'CatProd08', 6, 24.66, 96, 7, 4);
INSERT INTO Producto (ProductoID, Codigo, Nombre, CategoriaID, Precio, Stock, StockMinimo, UnidadID) VALUES (59, 'C06P009', 'CatProd09', 6, 40.02, 89, 9, 3);
INSERT INTO Producto (ProductoID, Codigo, Nombre, CategoriaID, Precio, Stock, StockMinimo, UnidadID) VALUES (60, 'C06P010', 'CatProd10', 6, 3.05, 90, 9, 4);
INSERT INTO Producto (ProductoID, Codigo, Nombre, CategoriaID, Precio, Stock, StockMinimo, UnidadID) VALUES (61, 'C07P001', 'CatProd01', 7, 23.52, 178, 12, 2);
INSERT INTO Producto (ProductoID, Codigo, Nombre, CategoriaID, Precio, Stock, StockMinimo, UnidadID) VALUES (62, 'C07P002', 'CatProd02', 7, 19.02, 117, 16, 1);
INSERT INTO Producto (ProductoID, Codigo, Nombre, CategoriaID, Precio, Stock, StockMinimo, UnidadID) VALUES (63, 'C07P003', 'CatProd03', 7, 23.23, 149, 16, 3);
INSERT INTO Producto (ProductoID, Codigo, Nombre, CategoriaID, Precio, Stock, StockMinimo, UnidadID) VALUES (64, 'C07P004', 'CatProd04', 7, 44.76, 92, 9, 1);
INSERT INTO Producto (ProductoID, Codigo, Nombre, CategoriaID, Precio, Stock, StockMinimo, UnidadID) VALUES (65, 'C07P005', 'CatProd05', 7, 33.75, 165, 11, 3);
INSERT INTO Producto (ProductoID, Codigo, Nombre, CategoriaID, Precio, Stock, StockMinimo, UnidadID) VALUES (66, 'C07P006', 'CatProd06', 7, 44.26, 175, 16, 2);
INSERT INTO Producto (ProductoID, Codigo, Nombre, CategoriaID, Precio, Stock, StockMinimo, UnidadID) VALUES (67, 'C07P007', 'CatProd07', 7, 45.11, 98, 8, 2);
INSERT INTO Producto (ProductoID, Codigo, Nombre, CategoriaID, Precio, Stock, StockMinimo, UnidadID) VALUES (68, 'C07P008', 'CatProd08', 7, 7.93, 166, 12, 3);
INSERT INTO Producto (ProductoID, Codigo, Nombre, CategoriaID, Precio, Stock, StockMinimo, UnidadID) VALUES (69, 'C07P009', 'CatProd09', 7, 22.5, 172, 14, 3);
INSERT INTO Producto (ProductoID, Codigo, Nombre, CategoriaID, Precio, Stock, StockMinimo, UnidadID) VALUES (70, 'C07P010', 'CatProd10', 7, 13.62, 70, 13, 1);
INSERT INTO Producto (ProductoID, Codigo, Nombre, CategoriaID, Precio, Stock, StockMinimo, UnidadID) VALUES (71, 'C08P001', 'CatProd01', 8, 30.5, 177, 13, 4);
INSERT INTO Producto (ProductoID, Codigo, Nombre, CategoriaID, Precio, Stock, StockMinimo, UnidadID) VALUES (72, 'C08P002', 'CatProd02', 8, 30.72, 130, 13, 1);
INSERT INTO Producto (ProductoID, Codigo, Nombre, CategoriaID, Precio, Stock, StockMinimo, UnidadID) VALUES (73, 'C08P003', 'CatProd03', 8, 30.5, 169, 18, 4);
INSERT INTO Producto (ProductoID, Codigo, Nombre, CategoriaID, Precio, Stock, StockMinimo, UnidadID) VALUES (74, 'C08P004', 'CatProd04', 8, 24.29, 173, 8, 4);
INSERT INTO Producto (ProductoID, Codigo, Nombre, CategoriaID, Precio, Stock, StockMinimo, UnidadID) VALUES (75, 'C08P005', 'CatProd05', 8, 38.24, 73, 14, 3);
INSERT INTO Producto (ProductoID, Codigo, Nombre, CategoriaID, Precio, Stock, StockMinimo, UnidadID) VALUES (76, 'C08P006', 'CatProd06', 8, 18.88, 179, 11, 3);
INSERT INTO Producto (ProductoID, Codigo, Nombre, CategoriaID, Precio, Stock, StockMinimo, UnidadID) VALUES (77, 'C08P007', 'CatProd07', 8, 23.27, 196, 12, 1);
INSERT INTO Producto (ProductoID, Codigo, Nombre, CategoriaID, Precio, Stock, StockMinimo, UnidadID) VALUES (78, 'C08P008', 'CatProd08', 8, 28.33, 83, 15, 1);
INSERT INTO Producto (ProductoID, Codigo, Nombre, CategoriaID, Precio, Stock, StockMinimo, UnidadID) VALUES (79, 'C08P009', 'CatProd09', 8, 49.66, 165, 17, 4);
INSERT INTO Producto (ProductoID, Codigo, Nombre, CategoriaID, Precio, Stock, StockMinimo, UnidadID) VALUES (80, 'C08P010', 'CatProd10', 8, 23.7, 184, 11, 1);

-- Clientes
INSERT INTO Cliente (ClienteID, Nombre, Telefono, Email, Direccion) VALUES (1, 'Nombre', 'Telefono', 'Email', 'Direccion');
INSERT INTO Cliente (ClienteID, Nombre, Telefono, Email, Direccion) VALUES (2, 'Nombre', 'Telefono', 'Email', 'Direccion');
INSERT INTO Cliente (ClienteID, Nombre, Telefono, Email, Direccion) VALUES (3, 'Nombre', 'Telefono', 'Email', 'Direccion');
INSERT INTO Cliente (ClienteID, Nombre, Telefono, Email, Direccion) VALUES (4, 'Nombre', 'Telefono', 'Email', 'Direccion');
INSERT INTO Cliente (ClienteID, Nombre, Telefono, Email, Direccion) VALUES (5, 'Nombre', 'Telefono', 'Email', 'Direccion');
INSERT INTO Cliente (ClienteID, Nombre, Telefono, Email, Direccion) VALUES (6, 'Nombre', 'Telefono', 'Email', 'Direccion');
INSERT INTO Cliente (ClienteID, Nombre, Telefono, Email, Direccion) VALUES (7, 'Nombre', 'Telefono', 'Email', 'Direccion');
INSERT INTO Cliente (ClienteID, Nombre, Telefono, Email, Direccion) VALUES (8, 'Nombre', 'Telefono', 'Email', 'Direccion');
INSERT INTO Cliente (ClienteID, Nombre, Telefono, Email, Direccion) VALUES (9, 'Nombre', 'Telefono', 'Email', 'Direccion');
INSERT INTO Cliente (ClienteID, Nombre, Telefono, Email, Direccion) VALUES (10, 'Nombre', 'Telefono', 'Email', 'Direccion');
INSERT INTO Cliente (ClienteID, Nombre, Telefono, Email, Direccion) VALUES (11, 'Nombre', 'Telefono', 'Email', 'Direccion');
INSERT INTO Cliente (ClienteID, Nombre, Telefono, Email, Direccion) VALUES (12, 'Nombre', 'Telefono', 'Email', 'Direccion');
INSERT INTO Cliente (ClienteID, Nombre, Telefono, Email, Direccion) VALUES (13, 'Nombre', 'Telefono', 'Email', 'Direccion');
INSERT INTO Cliente (ClienteID, Nombre, Telefono, Email, Direccion) VALUES (14, 'Nombre', 'Telefono', 'Email', 'Direccion');
INSERT INTO Cliente (ClienteID, Nombre, Telefono, Email, Direccion) VALUES (15, 'Nombre', 'Telefono', 'Email', 'Direccion');
INSERT INTO Cliente (ClienteID, Nombre, Telefono, Email, Direccion) VALUES (16, 'Nombre', 'Telefono', 'Email', 'Direccion');
INSERT INTO Cliente (ClienteID, Nombre, Telefono, Email, Direccion) VALUES (17, 'Nombre', 'Telefono', 'Email', 'Direccion');
INSERT INTO Cliente (ClienteID, Nombre, Telefono, Email, Direccion) VALUES (18, 'Nombre', 'Telefono', 'Email', 'Direccion');
INSERT INTO Cliente (ClienteID, Nombre, Telefono, Email, Direccion) VALUES (19, 'Nombre', 'Telefono', 'Email', 'Direccion');
INSERT INTO Cliente (ClienteID, Nombre, Telefono, Email, Direccion) VALUES (20, 'Nombre', 'Telefono', 'Email', 'Direccion');
INSERT INTO Cliente (ClienteID, Nombre, Telefono, Email, Direccion) VALUES (21, 'Nombre', 'Telefono', 'Email', 'Direccion');
INSERT INTO Cliente (ClienteID, Nombre, Telefono, Email, Direccion) VALUES (22, 'Nombre', 'Telefono', 'Email', 'Direccion');
INSERT INTO Cliente (ClienteID, Nombre, Telefono, Email, Direccion) VALUES (23, 'Nombre', 'Telefono', 'Email', 'Direccion');
INSERT INTO Cliente (ClienteID, Nombre, Telefono, Email, Direccion) VALUES (24, 'Nombre', 'Telefono', 'Email', 'Direccion');
INSERT INTO Cliente (ClienteID, Nombre, Telefono, Email, Direccion) VALUES (25, 'Nombre', 'Telefono', 'Email', 'Direccion');
INSERT INTO Cliente (ClienteID, Nombre, Telefono, Email, Direccion) VALUES (26, 'Nombre', 'Telefono', 'Email', 'Direccion');
INSERT INTO Cliente (ClienteID, Nombre, Telefono, Email, Direccion) VALUES (27, 'Nombre', 'Telefono', 'Email', 'Direccion');
INSERT INTO Cliente (ClienteID, Nombre, Telefono, Email, Direccion) VALUES (28, 'Nombre', 'Telefono', 'Email', 'Direccion');
INSERT INTO Cliente (ClienteID, Nombre, Telefono, Email, Direccion) VALUES (29, 'Nombre', 'Telefono', 'Email', 'Direccion');
INSERT INTO Cliente (ClienteID, Nombre, Telefono, Email, Direccion) VALUES (30, 'Nombre', 'Telefono', 'Email', 'Direccion');
INSERT INTO Cliente (ClienteID, Nombre, Telefono, Email, Direccion) VALUES (31, 'Nombre', 'Telefono', 'Email', 'Direccion');
INSERT INTO Cliente (ClienteID, Nombre, Telefono, Email, Direccion) VALUES (32, 'Nombre', 'Telefono', 'Email', 'Direccion');
INSERT INTO Cliente (ClienteID, Nombre, Telefono, Email, Direccion) VALUES (33, 'Nombre', 'Telefono', 'Email', 'Direccion');
INSERT INTO Cliente (ClienteID, Nombre, Telefono, Email, Direccion) VALUES (34, 'Nombre', 'Telefono', 'Email', 'Direccion');
INSERT INTO Cliente (ClienteID, Nombre, Telefono, Email, Direccion) VALUES (35, 'Nombre', 'Telefono', 'Email', 'Direccion');
INSERT INTO Cliente (ClienteID, Nombre, Telefono, Email, Direccion) VALUES (36, 'Nombre', 'Telefono', 'Email', 'Direccion');
INSERT INTO Cliente (ClienteID, Nombre, Telefono, Email, Direccion) VALUES (37, 'Nombre', 'Telefono', 'Email', 'Direccion');
INSERT INTO Cliente (ClienteID, Nombre, Telefono, Email, Direccion) VALUES (38, 'Nombre', 'Telefono', 'Email', 'Direccion');
INSERT INTO Cliente (ClienteID, Nombre, Telefono, Email, Direccion) VALUES (39, 'Nombre', 'Telefono', 'Email', 'Direccion');
INSERT INTO Cliente (ClienteID, Nombre, Telefono, Email, Direccion) VALUES (40, 'Nombre', 'Telefono', 'Email', 'Direccion');
INSERT INTO Cliente (ClienteID, Nombre, Telefono, Email, Direccion) VALUES (41, 'Nombre', 'Telefono', 'Email', 'Direccion');
INSERT INTO Cliente (ClienteID, Nombre, Telefono, Email, Direccion) VALUES (42, 'Nombre', 'Telefono', 'Email', 'Direccion');
INSERT INTO Cliente (ClienteID, Nombre, Telefono, Email, Direccion) VALUES (43, 'Nombre', 'Telefono', 'Email', 'Direccion');
INSERT INTO Cliente (ClienteID, Nombre, Telefono, Email, Direccion) VALUES (44, 'Nombre', 'Telefono', 'Email', 'Direccion');
INSERT INTO Cliente (ClienteID, Nombre, Telefono, Email, Direccion) VALUES (45, 'Nombre', 'Telefono', 'Email', 'Direccion');
INSERT INTO Cliente (ClienteID, Nombre, Telefono, Email, Direccion) VALUES (46, 'Nombre', 'Telefono', 'Email', 'Direccion');
INSERT INTO Cliente (ClienteID, Nombre, Telefono, Email, Direccion) VALUES (47, 'Nombre', 'Telefono', 'Email', 'Direccion');
INSERT INTO Cliente (ClienteID, Nombre, Telefono, Email, Direccion) VALUES (48, 'Nombre', 'Telefono', 'Email', 'Direccion');
INSERT INTO Cliente (ClienteID, Nombre, Telefono, Email, Direccion) VALUES (49, 'Nombre', 'Telefono', 'Email', 'Direccion');
INSERT INTO Cliente (ClienteID, Nombre, Telefono, Email, Direccion) VALUES (50, 'Nombre', 'Telefono', 'Email', 'Direccion');
INSERT INTO Cliente (ClienteID, Nombre, Telefono, Email, Direccion) VALUES (51, 'Nombre', 'Telefono', 'Email', 'Direccion');
INSERT INTO Cliente (ClienteID, Nombre, Telefono, Email, Direccion) VALUES (52, 'Nombre', 'Telefono', 'Email', 'Direccion');
INSERT INTO Cliente (ClienteID, Nombre, Telefono, Email, Direccion) VALUES (53, 'Nombre', 'Telefono', 'Email', 'Direccion');
INSERT INTO Cliente (ClienteID, Nombre, Telefono, Email, Direccion) VALUES (54, 'Nombre', 'Telefono', 'Email', 'Direccion');
INSERT INTO Cliente (ClienteID, Nombre, Telefono, Email, Direccion) VALUES (55, 'Nombre', 'Telefono', 'Email', 'Direccion');
INSERT INTO Cliente (ClienteID, Nombre, Telefono, Email, Direccion) VALUES (56, 'Nombre', 'Telefono', 'Email', 'Direccion');
INSERT INTO Cliente (ClienteID, Nombre, Telefono, Email, Direccion) VALUES (57, 'Nombre', 'Telefono', 'Email', 'Direccion');
INSERT INTO Cliente (ClienteID, Nombre, Telefono, Email, Direccion) VALUES (58, 'Nombre', 'Telefono', 'Email', 'Direccion');
INSERT INTO Cliente (ClienteID, Nombre, Telefono, Email, Direccion) VALUES (59, 'Nombre', 'Telefono', 'Email', 'Direccion');
INSERT INTO Cliente (ClienteID, Nombre, Telefono, Email, Direccion) VALUES (60, 'Nombre', 'Telefono', 'Email', 'Direccion');
INSERT INTO Cliente (ClienteID, Nombre, Telefono, Email, Direccion) VALUES (61, 'Nombre', 'Telefono', 'Email', 'Direccion');
INSERT INTO Cliente (ClienteID, Nombre, Telefono, Email, Direccion) VALUES (62, 'Nombre', 'Telefono', 'Email', 'Direccion');
INSERT INTO Cliente (ClienteID, Nombre, Telefono, Email, Direccion) VALUES (63, 'Nombre', 'Telefono', 'Email', 'Direccion');
INSERT INTO Cliente (ClienteID, Nombre, Telefono, Email, Direccion) VALUES (64, 'Nombre', 'Telefono', 'Email', 'Direccion');
INSERT INTO Cliente (ClienteID, Nombre, Telefono, Email, Direccion) VALUES (65, 'Nombre', 'Telefono', 'Email', 'Direccion');
INSERT INTO Cliente (ClienteID, Nombre, Telefono, Email, Direccion) VALUES (66, 'Nombre', 'Telefono', 'Email', 'Direccion');
INSERT INTO Cliente (ClienteID, Nombre, Telefono, Email, Direccion) VALUES (67, 'Nombre', 'Telefono', 'Email', 'Direccion');
INSERT INTO Cliente (ClienteID, Nombre, Telefono, Email, Direccion) VALUES (68, 'Nombre', 'Telefono', 'Email', 'Direccion');
INSERT INTO Cliente (ClienteID, Nombre, Telefono, Email, Direccion) VALUES (69, 'Nombre', 'Telefono', 'Email', 'Direccion');
INSERT INTO Cliente (ClienteID, Nombre, Telefono, Email, Direccion) VALUES (70, 'Nombre', 'Telefono', 'Email', 'Direccion');
INSERT INTO Cliente (ClienteID, Nombre, Telefono, Email, Direccion) VALUES (71, 'Nombre', 'Telefono', 'Email', 'Direccion');
INSERT INTO Cliente (ClienteID, Nombre, Telefono, Email, Direccion) VALUES (72, 'Nombre', 'Telefono', 'Email', 'Direccion');
INSERT INTO Cliente (ClienteID, Nombre, Telefono, Email, Direccion) VALUES (73, 'Nombre', 'Telefono', 'Email', 'Direccion');
INSERT INTO Cliente (ClienteID, Nombre, Telefono, Email, Direccion) VALUES (74, 'Nombre', 'Telefono', 'Email', 'Direccion');
INSERT INTO Cliente (ClienteID, Nombre, Telefono, Email, Direccion) VALUES (75, 'Nombre', 'Telefono', 'Email', 'Direccion');
INSERT INTO Cliente (ClienteID, Nombre, Telefono, Email, Direccion) VALUES (76, 'Nombre', 'Telefono', 'Email', 'Direccion');
INSERT INTO Cliente (ClienteID, Nombre, Telefono, Email, Direccion) VALUES (77, 'Nombre', 'Telefono', 'Email', 'Direccion');
INSERT INTO Cliente (ClienteID, Nombre, Telefono, Email, Direccion) VALUES (78, 'Nombre', 'Telefono', 'Email', 'Direccion');
INSERT INTO Cliente (ClienteID, Nombre, Telefono, Email, Direccion) VALUES (79, 'Nombre', 'Telefono', 'Email', 'Direccion');
INSERT INTO Cliente (ClienteID, Nombre, Telefono, Email, Direccion) VALUES (80, 'Nombre', 'Telefono', 'Email', 'Direccion');
INSERT INTO Cliente (ClienteID, Nombre, Telefono, Email, Direccion) VALUES (81, 'Nombre', 'Telefono', 'Email', 'Direccion');
INSERT INTO Cliente (ClienteID, Nombre, Telefono, Email, Direccion) VALUES (82, 'Nombre', 'Telefono', 'Email', 'Direccion');
INSERT INTO Cliente (ClienteID, Nombre, Telefono, Email, Direccion) VALUES (83, 'Nombre', 'Telefono', 'Email', 'Direccion');
INSERT INTO Cliente (ClienteID, Nombre, Telefono, Email, Direccion) VALUES (84, 'Nombre', 'Telefono', 'Email', 'Direccion');
INSERT INTO Cliente (ClienteID, Nombre, Telefono, Email, Direccion) VALUES (85, 'Nombre', 'Telefono', 'Email', 'Direccion');
INSERT INTO Cliente (ClienteID, Nombre, Telefono, Email, Direccion) VALUES (86, 'Nombre', 'Telefono', 'Email', 'Direccion');
INSERT INTO Cliente (ClienteID, Nombre, Telefono, Email, Direccion) VALUES (87, 'Nombre', 'Telefono', 'Email', 'Direccion');
INSERT INTO Cliente (ClienteID, Nombre, Telefono, Email, Direccion) VALUES (88, 'Nombre', 'Telefono', 'Email', 'Direccion');
INSERT INTO Cliente (ClienteID, Nombre, Telefono, Email, Direccion) VALUES (89, 'Nombre', 'Telefono', 'Email', 'Direccion');
INSERT INTO Cliente (ClienteID, Nombre, Telefono, Email, Direccion) VALUES (90, 'Nombre', 'Telefono', 'Email', 'Direccion');
INSERT INTO Cliente (ClienteID, Nombre, Telefono, Email, Direccion) VALUES (91, 'Nombre', 'Telefono', 'Email', 'Direccion');
INSERT INTO Cliente (ClienteID, Nombre, Telefono, Email, Direccion) VALUES (92, 'Nombre', 'Telefono', 'Email', 'Direccion');
INSERT INTO Cliente (ClienteID, Nombre, Telefono, Email, Direccion) VALUES (93, 'Nombre', 'Telefono', 'Email', 'Direccion');
INSERT INTO Cliente (ClienteID, Nombre, Telefono, Email, Direccion) VALUES (94, 'Nombre', 'Telefono', 'Email', 'Direccion');
INSERT INTO Cliente (ClienteID, Nombre, Telefono, Email, Direccion) VALUES (95, 'Nombre', 'Telefono', 'Email', 'Direccion');
INSERT INTO Cliente (ClienteID, Nombre, Telefono, Email, Direccion) VALUES (96, 'Nombre', 'Telefono', 'Email', 'Direccion');
INSERT INTO Cliente (ClienteID, Nombre, Telefono, Email, Direccion) VALUES (97, 'Nombre', 'Telefono', 'Email', 'Direccion');
INSERT INTO Cliente (ClienteID, Nombre, Telefono, Email, Direccion) VALUES (98, 'Nombre', 'Telefono', 'Email', 'Direccion');
INSERT INTO Cliente (ClienteID, Nombre, Telefono, Email, Direccion) VALUES (99, 'Nombre', 'Telefono', 'Email', 'Direccion');
INSERT INTO Cliente (ClienteID, Nombre, Telefono, Email, Direccion) VALUES (100, 'Nombre', 'Telefono', 'Email', 'Direccion');

-- Usuarios
INSERT INTO Usuario (UsuarioID, Nombre, Usuario, ClaveHash, Rol) VALUES (1, 'Nombre', 'Usuario', 'ClaveHash', 'Rol');
INSERT INTO Usuario (UsuarioID, Nombre, Usuario, ClaveHash, Rol) VALUES (2, 'Nombre', 'Usuario', 'ClaveHash', 'Rol');
INSERT INTO Usuario (UsuarioID, Nombre, Usuario, ClaveHash, Rol) VALUES (3, 'Nombre', 'Usuario', 'ClaveHash', 'Rol');
INSERT INTO Usuario (UsuarioID, Nombre, Usuario, ClaveHash, Rol) VALUES (4, 'Nombre', 'Usuario', 'ClaveHash', 'Rol');
INSERT INTO Usuario (UsuarioID, Nombre, Usuario, ClaveHash, Rol) VALUES (5, 'Nombre', 'Usuario', 'ClaveHash', 'Rol');

-- Ventas y Detalles
INSERT INTO Venta (VentaID, Fecha, Total, ClienteID, UsuarioID) VALUES (1, '2025-06-20', 0, 58, 4);
INSERT INTO DetalleVenta (DetalleID, VentaID, ProductoID, Cantidad, PrecioVenta, Subtotal) VALUES (1, 1, 23, 1, 48.44, 48.44);
INSERT INTO DetalleVenta (DetalleID, VentaID, ProductoID, Cantidad, PrecioVenta, Subtotal) VALUES (2, 1, 25, 2, 20.64, 41.28);
UPDATE Venta SET Total = 89.72 WHERE VentaID = 1;
INSERT INTO Venta (VentaID, Fecha, Total, ClienteID, UsuarioID) VALUES (2, '2025-06-02', 0, 87, 4);
INSERT INTO DetalleVenta (DetalleID, VentaID, ProductoID, Cantidad, PrecioVenta, Subtotal) VALUES (3, 2, 55, 4, 35.02, 140.08);
INSERT INTO DetalleVenta (DetalleID, VentaID, ProductoID, Cantidad, PrecioVenta, Subtotal) VALUES (4, 2, 6, 4, 12.11, 48.44);
UPDATE Venta SET Total = 188.52 WHERE VentaID = 2;
INSERT INTO Venta (VentaID, Fecha, Total, ClienteID, UsuarioID) VALUES (3, '2025-06-28', 0, 19, 2);
INSERT INTO DetalleVenta (DetalleID, VentaID, ProductoID, Cantidad, PrecioVenta, Subtotal) VALUES (5, 3, 42, 2, 42.81, 85.62);
INSERT INTO DetalleVenta (DetalleID, VentaID, ProductoID, Cantidad, PrecioVenta, Subtotal) VALUES (6, 3, 36, 5, 33.84, 169.2);
UPDATE Venta SET Total = 254.82 WHERE VentaID = 3;
INSERT INTO Venta (VentaID, Fecha, Total, ClienteID, UsuarioID) VALUES (4, '2025-06-03', 0, 9, 5);
INSERT INTO DetalleVenta (DetalleID, VentaID, ProductoID, Cantidad, PrecioVenta, Subtotal) VALUES (7, 4, 54, 5, 42.04, 210.2);
INSERT INTO DetalleVenta (DetalleID, VentaID, ProductoID, Cantidad, PrecioVenta, Subtotal) VALUES (8, 4, 15, 1, 43.65, 43.65);
INSERT INTO DetalleVenta (DetalleID, VentaID, ProductoID, Cantidad, PrecioVenta, Subtotal) VALUES (9, 4, 28, 3, 48.97, 146.91);
UPDATE Venta SET Total = 400.76 WHERE VentaID = 4;
INSERT INTO Venta (VentaID, Fecha, Total, ClienteID, UsuarioID) VALUES (5, '2025-06-21', 0, 48, 5);
INSERT INTO DetalleVenta (DetalleID, VentaID, ProductoID, Cantidad, PrecioVenta, Subtotal) VALUES (10, 5, 25, 1, 20.64, 20.64);
INSERT INTO DetalleVenta (DetalleID, VentaID, ProductoID, Cantidad, PrecioVenta, Subtotal) VALUES (11, 5, 48, 2, 15.09, 30.18);
INSERT INTO DetalleVenta (DetalleID, VentaID, ProductoID, Cantidad, PrecioVenta, Subtotal) VALUES (12, 5, 51, 2, 44.72, 89.44);
UPDATE Venta SET Total = 140.26 WHERE VentaID = 5;
INSERT INTO Venta (VentaID, Fecha, Total, ClienteID, UsuarioID) VALUES (6, '2025-06-27', 0, 28, 5);
INSERT INTO DetalleVenta (DetalleID, VentaID, ProductoID, Cantidad, PrecioVenta, Subtotal) VALUES (13, 6, 70, 2, 13.62, 27.24);
INSERT INTO DetalleVenta (DetalleID, VentaID, ProductoID, Cantidad, PrecioVenta, Subtotal) VALUES (14, 6, 58, 2, 24.66, 49.32);
INSERT INTO DetalleVenta (DetalleID, VentaID, ProductoID, Cantidad, PrecioVenta, Subtotal) VALUES (15, 6, 69, 5, 22.5, 112.5);
UPDATE Venta SET Total = 189.06 WHERE VentaID = 6;
INSERT INTO Venta (VentaID, Fecha, Total, ClienteID, UsuarioID) VALUES (7, '2025-06-11', 0, 5, 5);
INSERT INTO DetalleVenta (DetalleID, VentaID, ProductoID, Cantidad, PrecioVenta, Subtotal) VALUES (16, 7, 58, 1, 24.66, 24.66);
INSERT INTO DetalleVenta (DetalleID, VentaID, ProductoID, Cantidad, PrecioVenta, Subtotal) VALUES (17, 7, 69, 2, 22.5, 45.0);
INSERT INTO DetalleVenta (DetalleID, VentaID, ProductoID, Cantidad, PrecioVenta, Subtotal) VALUES (18, 7, 78, 5, 28.33, 141.65);
INSERT INTO DetalleVenta (DetalleID, VentaID, ProductoID, Cantidad, PrecioVenta, Subtotal) VALUES (19, 7, 68, 2, 7.93, 15.86);
UPDATE Venta SET Total = 227.17 WHERE VentaID = 7;
INSERT INTO Venta (VentaID, Fecha, Total, ClienteID, UsuarioID) VALUES (8, '2025-06-07', 0, 97, 5);
INSERT INTO DetalleVenta (DetalleID, VentaID, ProductoID, Cantidad, PrecioVenta, Subtotal) VALUES (20, 8, 62, 1, 19.02, 19.02);
INSERT INTO DetalleVenta (DetalleID, VentaID, ProductoID, Cantidad, PrecioVenta, Subtotal) VALUES (21, 8, 36, 2, 33.84, 67.68);
INSERT INTO DetalleVenta (DetalleID, VentaID, ProductoID, Cantidad, PrecioVenta, Subtotal) VALUES (22, 8, 45, 1, 42.47, 42.47);
UPDATE Venta SET Total = 129.17 WHERE VentaID = 8;
INSERT INTO Venta (VentaID, Fecha, Total, ClienteID, UsuarioID) VALUES (9, '2025-06-06', 0, 66, 4);
INSERT INTO DetalleVenta (DetalleID, VentaID, ProductoID, Cantidad, PrecioVenta, Subtotal) VALUES (23, 9, 69, 3, 22.5, 67.5);
INSERT INTO DetalleVenta (DetalleID, VentaID, ProductoID, Cantidad, PrecioVenta, Subtotal) VALUES (24, 9, 74, 4, 24.29, 97.16);
INSERT INTO DetalleVenta (DetalleID, VentaID, ProductoID, Cantidad, PrecioVenta, Subtotal) VALUES (25, 9, 6, 2, 12.11, 24.22);
INSERT INTO DetalleVenta (DetalleID, VentaID, ProductoID, Cantidad, PrecioVenta, Subtotal) VALUES (26, 9, 18, 3, 21.11, 63.33);
INSERT INTO DetalleVenta (DetalleID, VentaID, ProductoID, Cantidad, PrecioVenta, Subtotal) VALUES (27, 9, 12, 4, 16.32, 65.28);
UPDATE Venta SET Total = 317.49 WHERE VentaID = 9;
INSERT INTO Venta (VentaID, Fecha, Total, ClienteID, UsuarioID) VALUES (10, '2025-06-26', 0, 1, 5);
INSERT INTO DetalleVenta (DetalleID, VentaID, ProductoID, Cantidad, PrecioVenta, Subtotal) VALUES (28, 10, 13, 1, 26.74, 26.74);
INSERT INTO DetalleVenta (DetalleID, VentaID, ProductoID, Cantidad, PrecioVenta, Subtotal) VALUES (29, 10, 29, 3, 45.87, 137.61);
INSERT INTO DetalleVenta (DetalleID, VentaID, ProductoID, Cantidad, PrecioVenta, Subtotal) VALUES (30, 10, 30, 2, 29.14, 58.28);
UPDATE Venta SET Total = 222.63 WHERE VentaID = 10;
INSERT INTO Venta (VentaID, Fecha, Total, ClienteID, UsuarioID) VALUES (11, '2025-06-21', 0, 55, 1);
INSERT INTO DetalleVenta (DetalleID, VentaID, ProductoID, Cantidad, PrecioVenta, Subtotal) VALUES (31, 11, 38, 4, 12.3, 49.2);
INSERT INTO DetalleVenta (DetalleID, VentaID, ProductoID, Cantidad, PrecioVenta, Subtotal) VALUES (32, 11, 51, 3, 44.72, 134.16);
UPDATE Venta SET Total = 183.36 WHERE VentaID = 11;
INSERT INTO Venta (VentaID, Fecha, Total, ClienteID, UsuarioID) VALUES (12, '2025-06-02', 0, 99, 5);
INSERT INTO DetalleVenta (DetalleID, VentaID, ProductoID, Cantidad, PrecioVenta, Subtotal) VALUES (33, 12, 11, 4, 26.15, 104.6);
INSERT INTO DetalleVenta (DetalleID, VentaID, ProductoID, Cantidad, PrecioVenta, Subtotal) VALUES (34, 12, 60, 5, 3.05, 15.25);
INSERT INTO DetalleVenta (DetalleID, VentaID, ProductoID, Cantidad, PrecioVenta, Subtotal) VALUES (35, 12, 26, 5, 30.83, 154.15);
INSERT INTO DetalleVenta (DetalleID, VentaID, ProductoID, Cantidad, PrecioVenta, Subtotal) VALUES (36, 12, 4, 2, 7.65, 15.3);
UPDATE Venta SET Total = 289.3 WHERE VentaID = 12;
INSERT INTO Venta (VentaID, Fecha, Total, ClienteID, UsuarioID) VALUES (13, '2025-06-26', 0, 91, 4);
INSERT INTO DetalleVenta (DetalleID, VentaID, ProductoID, Cantidad, PrecioVenta, Subtotal) VALUES (37, 13, 1, 3, 2.13, 6.39);
INSERT INTO DetalleVenta (DetalleID, VentaID, ProductoID, Cantidad, PrecioVenta, Subtotal) VALUES (38, 13, 49, 5, 19.43, 97.15);
INSERT INTO DetalleVenta (DetalleID, VentaID, ProductoID, Cantidad, PrecioVenta, Subtotal) VALUES (39, 13, 68, 4, 7.93, 31.72);
INSERT INTO DetalleVenta (DetalleID, VentaID, ProductoID, Cantidad, PrecioVenta, Subtotal) VALUES (40, 13, 16, 4, 31.04, 124.16);
UPDATE Venta SET Total = 259.42 WHERE VentaID = 13;
INSERT INTO Venta (VentaID, Fecha, Total, ClienteID, UsuarioID) VALUES (14, '2025-06-05', 0, 53, 1);
INSERT INTO DetalleVenta (DetalleID, VentaID, ProductoID, Cantidad, PrecioVenta, Subtotal) VALUES (41, 14, 43, 1, 11.03, 11.03);
INSERT INTO DetalleVenta (DetalleID, VentaID, ProductoID, Cantidad, PrecioVenta, Subtotal) VALUES (42, 14, 4, 3, 7.65, 22.95);
INSERT INTO DetalleVenta (DetalleID, VentaID, ProductoID, Cantidad, PrecioVenta, Subtotal) VALUES (43, 14, 3, 5, 1.75, 8.75);
UPDATE Venta SET Total = 42.73 WHERE VentaID = 14;
INSERT INTO Venta (VentaID, Fecha, Total, ClienteID, UsuarioID) VALUES (15, '2025-06-21', 0, 25, 1);
INSERT INTO DetalleVenta (DetalleID, VentaID, ProductoID, Cantidad, PrecioVenta, Subtotal) VALUES (44, 15, 51, 1, 44.72, 44.72);
INSERT INTO DetalleVenta (DetalleID, VentaID, ProductoID, Cantidad, PrecioVenta, Subtotal) VALUES (45, 15, 27, 4, 7.89, 31.56);
INSERT INTO DetalleVenta (DetalleID, VentaID, ProductoID, Cantidad, PrecioVenta, Subtotal) VALUES (46, 15, 48, 1, 15.09, 15.09);
UPDATE Venta SET Total = 91.37 WHERE VentaID = 15;
INSERT INTO Venta (VentaID, Fecha, Total, ClienteID, UsuarioID) VALUES (16, '2025-06-06', 0, 97, 3);
INSERT INTO DetalleVenta (DetalleID, VentaID, ProductoID, Cantidad, PrecioVenta, Subtotal) VALUES (47, 16, 22, 2, 6.19, 12.38);
INSERT INTO DetalleVenta (DetalleID, VentaID, ProductoID, Cantidad, PrecioVenta, Subtotal) VALUES (48, 16, 68, 2, 7.93, 15.86);
INSERT INTO DetalleVenta (DetalleID, VentaID, ProductoID, Cantidad, PrecioVenta, Subtotal) VALUES (49, 16, 66, 5, 44.26, 221.3);
UPDATE Venta SET Total = 249.54 WHERE VentaID = 16;
INSERT INTO Venta (VentaID, Fecha, Total, ClienteID, UsuarioID) VALUES (17, '2025-06-26', 0, 77, 2);
INSERT INTO DetalleVenta (DetalleID, VentaID, ProductoID, Cantidad, PrecioVenta, Subtotal) VALUES (50, 17, 67, 2, 45.11, 90.22);
INSERT INTO DetalleVenta (DetalleID, VentaID, ProductoID, Cantidad, PrecioVenta, Subtotal) VALUES (51, 17, 32, 1, 33.44, 33.44);
INSERT INTO DetalleVenta (DetalleID, VentaID, ProductoID, Cantidad, PrecioVenta, Subtotal) VALUES (52, 17, 39, 1, 47.35, 47.35);
INSERT INTO DetalleVenta (DetalleID, VentaID, ProductoID, Cantidad, PrecioVenta, Subtotal) VALUES (53, 17, 49, 3, 19.43, 58.29);
UPDATE Venta SET Total = 229.3 WHERE VentaID = 17;
INSERT INTO Venta (VentaID, Fecha, Total, ClienteID, UsuarioID) VALUES (18, '2025-06-20', 0, 84, 4);
INSERT INTO DetalleVenta (DetalleID, VentaID, ProductoID, Cantidad, PrecioVenta, Subtotal) VALUES (54, 18, 45, 4, 42.47, 169.88);
INSERT INTO DetalleVenta (DetalleID, VentaID, ProductoID, Cantidad, PrecioVenta, Subtotal) VALUES (55, 18, 80, 4, 23.7, 94.8);
INSERT INTO DetalleVenta (DetalleID, VentaID, ProductoID, Cantidad, PrecioVenta, Subtotal) VALUES (56, 18, 63, 1, 23.23, 23.23);
UPDATE Venta SET Total = 287.91 WHERE VentaID = 18;
INSERT INTO Venta (VentaID, Fecha, Total, ClienteID, UsuarioID) VALUES (19, '2025-06-22', 0, 55, 5);
INSERT INTO DetalleVenta (DetalleID, VentaID, ProductoID, Cantidad, PrecioVenta, Subtotal) VALUES (57, 19, 29, 5, 45.87, 229.35);
INSERT INTO DetalleVenta (DetalleID, VentaID, ProductoID, Cantidad, PrecioVenta, Subtotal) VALUES (58, 19, 7, 5, 22.31, 111.55);
INSERT INTO DetalleVenta (DetalleID, VentaID, ProductoID, Cantidad, PrecioVenta, Subtotal) VALUES (59, 19, 46, 4, 22.38, 89.52);
INSERT INTO DetalleVenta (DetalleID, VentaID, ProductoID, Cantidad, PrecioVenta, Subtotal) VALUES (60, 19, 40, 2, 47.42, 94.84);
INSERT INTO DetalleVenta (DetalleID, VentaID, ProductoID, Cantidad, PrecioVenta, Subtotal) VALUES (61, 19, 47, 5, 42.3, 211.5);
UPDATE Venta SET Total = 736.76 WHERE VentaID = 19;
INSERT INTO Venta (VentaID, Fecha, Total, ClienteID, UsuarioID) VALUES (20, '2025-06-18', 0, 44, 3);
INSERT INTO DetalleVenta (DetalleID, VentaID, ProductoID, Cantidad, PrecioVenta, Subtotal) VALUES (62, 20, 30, 2, 29.14, 58.28);
INSERT INTO DetalleVenta (DetalleID, VentaID, ProductoID, Cantidad, PrecioVenta, Subtotal) VALUES (63, 20, 52, 5, 46.86, 234.3);
INSERT INTO DetalleVenta (DetalleID, VentaID, ProductoID, Cantidad, PrecioVenta, Subtotal) VALUES (64, 20, 57, 5, 49.39, 246.95);
INSERT INTO DetalleVenta (DetalleID, VentaID, ProductoID, Cantidad, PrecioVenta, Subtotal) VALUES (65, 20, 34, 5, 21.63, 108.15);
INSERT INTO DetalleVenta (DetalleID, VentaID, ProductoID, Cantidad, PrecioVenta, Subtotal) VALUES (66, 20, 37, 1, 35.44, 35.44);
UPDATE Venta SET Total = 683.12 WHERE VentaID = 20;
INSERT INTO Venta (VentaID, Fecha, Total, ClienteID, UsuarioID) VALUES (21, '2025-06-12', 0, 83, 4);
INSERT INTO DetalleVenta (DetalleID, VentaID, ProductoID, Cantidad, PrecioVenta, Subtotal) VALUES (67, 21, 54, 4, 42.04, 168.16);
INSERT INTO DetalleVenta (DetalleID, VentaID, ProductoID, Cantidad, PrecioVenta, Subtotal) VALUES (68, 21, 61, 1, 23.52, 23.52);
UPDATE Venta SET Total = 191.68 WHERE VentaID = 21;
INSERT INTO Venta (VentaID, Fecha, Total, ClienteID, UsuarioID) VALUES (22, '2025-06-16', 0, 65, 4);
INSERT INTO DetalleVenta (DetalleID, VentaID, ProductoID, Cantidad, PrecioVenta, Subtotal) VALUES (69, 22, 11, 1, 26.15, 26.15);
INSERT INTO DetalleVenta (DetalleID, VentaID, ProductoID, Cantidad, PrecioVenta, Subtotal) VALUES (70, 22, 69, 3, 22.5, 67.5);
UPDATE Venta SET Total = 93.65 WHERE VentaID = 22;
INSERT INTO Venta (VentaID, Fecha, Total, ClienteID, UsuarioID) VALUES (23, '2025-06-24', 0, 18, 2);
INSERT INTO DetalleVenta (DetalleID, VentaID, ProductoID, Cantidad, PrecioVenta, Subtotal) VALUES (71, 23, 4, 3, 7.65, 22.95);
INSERT INTO DetalleVenta (DetalleID, VentaID, ProductoID, Cantidad, PrecioVenta, Subtotal) VALUES (72, 23, 46, 2, 22.38, 44.76);
INSERT INTO DetalleVenta (DetalleID, VentaID, ProductoID, Cantidad, PrecioVenta, Subtotal) VALUES (73, 23, 11, 5, 26.15, 130.75);
INSERT INTO DetalleVenta (DetalleID, VentaID, ProductoID, Cantidad, PrecioVenta, Subtotal) VALUES (74, 23, 19, 5, 48.63, 243.15);
UPDATE Venta SET Total = 441.61 WHERE VentaID = 23;
INSERT INTO Venta (VentaID, Fecha, Total, ClienteID, UsuarioID) VALUES (24, '2025-06-05', 0, 12, 2);
INSERT INTO DetalleVenta (DetalleID, VentaID, ProductoID, Cantidad, PrecioVenta, Subtotal) VALUES (75, 24, 49, 5, 19.43, 97.15);
INSERT INTO DetalleVenta (DetalleID, VentaID, ProductoID, Cantidad, PrecioVenta, Subtotal) VALUES (76, 24, 17, 4, 29.86, 119.44);
UPDATE Venta SET Total = 216.59 WHERE VentaID = 24;
INSERT INTO Venta (VentaID, Fecha, Total, ClienteID, UsuarioID) VALUES (25, '2025-06-01', 0, 14, 3);
INSERT INTO DetalleVenta (DetalleID, VentaID, ProductoID, Cantidad, PrecioVenta, Subtotal) VALUES (77, 25, 17, 3, 29.86, 89.58);
INSERT INTO DetalleVenta (DetalleID, VentaID, ProductoID, Cantidad, PrecioVenta, Subtotal) VALUES (78, 25, 51, 4, 44.72, 178.88);
UPDATE Venta SET Total = 268.46 WHERE VentaID = 25;
INSERT INTO Venta (VentaID, Fecha, Total, ClienteID, UsuarioID) VALUES (26, '2025-06-07', 0, 23, 4);
INSERT INTO DetalleVenta (DetalleID, VentaID, ProductoID, Cantidad, PrecioVenta, Subtotal) VALUES (79, 26, 26, 1, 30.83, 30.83);
INSERT INTO DetalleVenta (DetalleID, VentaID, ProductoID, Cantidad, PrecioVenta, Subtotal) VALUES (80, 26, 48, 1, 15.09, 15.09);
INSERT INTO DetalleVenta (DetalleID, VentaID, ProductoID, Cantidad, PrecioVenta, Subtotal) VALUES (81, 26, 69, 1, 22.5, 22.5);
INSERT INTO DetalleVenta (DetalleID, VentaID, ProductoID, Cantidad, PrecioVenta, Subtotal) VALUES (82, 26, 12, 1, 16.32, 16.32);
INSERT INTO DetalleVenta (DetalleID, VentaID, ProductoID, Cantidad, PrecioVenta, Subtotal) VALUES (83, 26, 36, 1, 33.84, 33.84);
UPDATE Venta SET Total = 118.58 WHERE VentaID = 26;
INSERT INTO Venta (VentaID, Fecha, Total, ClienteID, UsuarioID) VALUES (27, '2025-06-06', 0, 61, 2);
INSERT INTO DetalleVenta (DetalleID, VentaID, ProductoID, Cantidad, PrecioVenta, Subtotal) VALUES (84, 27, 15, 1, 43.65, 43.65);
INSERT INTO DetalleVenta (DetalleID, VentaID, ProductoID, Cantidad, PrecioVenta, Subtotal) VALUES (85, 27, 4, 5, 7.65, 38.25);
INSERT INTO DetalleVenta (DetalleID, VentaID, ProductoID, Cantidad, PrecioVenta, Subtotal) VALUES (86, 27, 26, 2, 30.83, 61.66);
INSERT INTO DetalleVenta (DetalleID, VentaID, ProductoID, Cantidad, PrecioVenta, Subtotal) VALUES (87, 27, 44, 2, 44.15, 88.3);
UPDATE Venta SET Total = 231.86 WHERE VentaID = 27;
INSERT INTO Venta (VentaID, Fecha, Total, ClienteID, UsuarioID) VALUES (28, '2025-06-26', 0, 24, 1);
INSERT INTO DetalleVenta (DetalleID, VentaID, ProductoID, Cantidad, PrecioVenta, Subtotal) VALUES (88, 28, 28, 5, 48.97, 244.85);
INSERT INTO DetalleVenta (DetalleID, VentaID, ProductoID, Cantidad, PrecioVenta, Subtotal) VALUES (89, 28, 72, 1, 30.72, 30.72);
INSERT INTO DetalleVenta (DetalleID, VentaID, ProductoID, Cantidad, PrecioVenta, Subtotal) VALUES (90, 28, 56, 2, 3.82, 7.64);
UPDATE Venta SET Total = 283.21 WHERE VentaID = 28;
INSERT INTO Venta (VentaID, Fecha, Total, ClienteID, UsuarioID) VALUES (29, '2025-06-19', 0, 41, 4);
INSERT INTO DetalleVenta (DetalleID, VentaID, ProductoID, Cantidad, PrecioVenta, Subtotal) VALUES (91, 29, 67, 4, 45.11, 180.44);
INSERT INTO DetalleVenta (DetalleID, VentaID, ProductoID, Cantidad, PrecioVenta, Subtotal) VALUES (92, 29, 50, 5, 9.35, 46.75);
UPDATE Venta SET Total = 227.19 WHERE VentaID = 29;
INSERT INTO Venta (VentaID, Fecha, Total, ClienteID, UsuarioID) VALUES (30, '2025-06-25', 0, 96, 2);
INSERT INTO DetalleVenta (DetalleID, VentaID, ProductoID, Cantidad, PrecioVenta, Subtotal) VALUES (93, 30, 9, 5, 11.09, 55.45);
INSERT INTO DetalleVenta (DetalleID, VentaID, ProductoID, Cantidad, PrecioVenta, Subtotal) VALUES (94, 30, 48, 5, 15.09, 75.45);
INSERT INTO DetalleVenta (DetalleID, VentaID, ProductoID, Cantidad, PrecioVenta, Subtotal) VALUES (95, 30, 25, 1, 20.64, 20.64);
INSERT INTO DetalleVenta (DetalleID, VentaID, ProductoID, Cantidad, PrecioVenta, Subtotal) VALUES (96, 30, 46, 2, 22.38, 44.76);
INSERT INTO DetalleVenta (DetalleID, VentaID, ProductoID, Cantidad, PrecioVenta, Subtotal) VALUES (97, 30, 78, 1, 28.33, 28.33);
UPDATE Venta SET Total = 224.63 WHERE VentaID = 30;
INSERT INTO Venta (VentaID, Fecha, Total, ClienteID, UsuarioID) VALUES (31, '2025-05-23', 0, 9, 5);
INSERT INTO DetalleVenta (DetalleID, VentaID, ProductoID, Cantidad, PrecioVenta, Subtotal) VALUES (98, 31, 38, 5, 12.3, 61.5);
INSERT INTO DetalleVenta (DetalleID, VentaID, ProductoID, Cantidad, PrecioVenta, Subtotal) VALUES (99, 31, 10, 2, 44.99, 89.98);
INSERT INTO DetalleVenta (DetalleID, VentaID, ProductoID, Cantidad, PrecioVenta, Subtotal) VALUES (100, 31, 2, 5, 38.88, 194.4);
INSERT INTO DetalleVenta (DetalleID, VentaID, ProductoID, Cantidad, PrecioVenta, Subtotal) VALUES (101, 31, 35, 5, 43.04, 215.2);
INSERT INTO DetalleVenta (DetalleID, VentaID, ProductoID, Cantidad, PrecioVenta, Subtotal) VALUES (102, 31, 53, 3, 47.85, 143.55);
UPDATE Venta SET Total = 704.63 WHERE VentaID = 31;
INSERT INTO Venta (VentaID, Fecha, Total, ClienteID, UsuarioID) VALUES (32, '2025-05-26', 0, 51, 5);
INSERT INTO DetalleVenta (DetalleID, VentaID, ProductoID, Cantidad, PrecioVenta, Subtotal) VALUES (103, 32, 57, 3, 49.39, 148.17);
INSERT INTO DetalleVenta (DetalleID, VentaID, ProductoID, Cantidad, PrecioVenta, Subtotal) VALUES (104, 32, 3, 4, 1.75, 7.0);
INSERT INTO DetalleVenta (DetalleID, VentaID, ProductoID, Cantidad, PrecioVenta, Subtotal) VALUES (105, 32, 42, 4, 42.81, 171.24);
UPDATE Venta SET Total = 326.41 WHERE VentaID = 32;
INSERT INTO Venta (VentaID, Fecha, Total, ClienteID, UsuarioID) VALUES (33, '2025-05-03', 0, 50, 3);
INSERT INTO DetalleVenta (DetalleID, VentaID, ProductoID, Cantidad, PrecioVenta, Subtotal) VALUES (106, 33, 13, 3, 26.74, 80.22);
INSERT INTO DetalleVenta (DetalleID, VentaID, ProductoID, Cantidad, PrecioVenta, Subtotal) VALUES (107, 33, 14, 5, 45.31, 226.55);
UPDATE Venta SET Total = 306.77 WHERE VentaID = 33;
INSERT INTO Venta (VentaID, Fecha, Total, ClienteID, UsuarioID) VALUES (34, '2025-05-22', 0, 51, 1);
INSERT INTO DetalleVenta (DetalleID, VentaID, ProductoID, Cantidad, PrecioVenta, Subtotal) VALUES (108, 34, 55, 5, 35.02, 175.1);
INSERT INTO DetalleVenta (DetalleID, VentaID, ProductoID, Cantidad, PrecioVenta, Subtotal) VALUES (109, 34, 3, 5, 1.75, 8.75);
UPDATE Venta SET Total = 183.85 WHERE VentaID = 34;
INSERT INTO Venta (VentaID, Fecha, Total, ClienteID, UsuarioID) VALUES (35, '2025-05-01', 0, 54, 5);
INSERT INTO DetalleVenta (DetalleID, VentaID, ProductoID, Cantidad, PrecioVenta, Subtotal) VALUES (110, 35, 15, 3, 43.65, 130.95);
INSERT INTO DetalleVenta (DetalleID, VentaID, ProductoID, Cantidad, PrecioVenta, Subtotal) VALUES (111, 35, 75, 3, 38.24, 114.72);
UPDATE Venta SET Total = 245.67 WHERE VentaID = 35;
INSERT INTO Venta (VentaID, Fecha, Total, ClienteID, UsuarioID) VALUES (36, '2025-05-13', 0, 61, 3);
INSERT INTO DetalleVenta (DetalleID, VentaID, ProductoID, Cantidad, PrecioVenta, Subtotal) VALUES (112, 36, 29, 4, 45.87, 183.48);
INSERT INTO DetalleVenta (DetalleID, VentaID, ProductoID, Cantidad, PrecioVenta, Subtotal) VALUES (113, 36, 24, 3, 36.56, 109.68);
INSERT INTO DetalleVenta (DetalleID, VentaID, ProductoID, Cantidad, PrecioVenta, Subtotal) VALUES (114, 36, 51, 3, 44.72, 134.16);
UPDATE Venta SET Total = 427.32 WHERE VentaID = 36;
INSERT INTO Venta (VentaID, Fecha, Total, ClienteID, UsuarioID) VALUES (37, '2025-05-11', 0, 20, 1);
INSERT INTO DetalleVenta (DetalleID, VentaID, ProductoID, Cantidad, PrecioVenta, Subtotal) VALUES (115, 37, 11, 3, 26.15, 78.45);
INSERT INTO DetalleVenta (DetalleID, VentaID, ProductoID, Cantidad, PrecioVenta, Subtotal) VALUES (116, 37, 49, 2, 19.43, 38.86);
INSERT INTO DetalleVenta (DetalleID, VentaID, ProductoID, Cantidad, PrecioVenta, Subtotal) VALUES (117, 37, 34, 2, 21.63, 43.26);
INSERT INTO DetalleVenta (DetalleID, VentaID, ProductoID, Cantidad, PrecioVenta, Subtotal) VALUES (118, 37, 39, 4, 47.35, 189.4);
INSERT INTO DetalleVenta (DetalleID, VentaID, ProductoID, Cantidad, PrecioVenta, Subtotal) VALUES (119, 37, 75, 5, 38.24, 191.2);
UPDATE Venta SET Total = 541.17 WHERE VentaID = 37;
INSERT INTO Venta (VentaID, Fecha, Total, ClienteID, UsuarioID) VALUES (38, '2025-05-25', 0, 4, 1);
INSERT INTO DetalleVenta (DetalleID, VentaID, ProductoID, Cantidad, PrecioVenta, Subtotal) VALUES (120, 38, 15, 3, 43.65, 130.95);
INSERT INTO DetalleVenta (DetalleID, VentaID, ProductoID, Cantidad, PrecioVenta, Subtotal) VALUES (121, 38, 78, 5, 28.33, 141.65);
INSERT INTO DetalleVenta (DetalleID, VentaID, ProductoID, Cantidad, PrecioVenta, Subtotal) VALUES (122, 38, 34, 4, 21.63, 86.52);
INSERT INTO DetalleVenta (DetalleID, VentaID, ProductoID, Cantidad, PrecioVenta, Subtotal) VALUES (123, 38, 73, 1, 30.5, 30.5);
INSERT INTO DetalleVenta (DetalleID, VentaID, ProductoID, Cantidad, PrecioVenta, Subtotal) VALUES (124, 38, 57, 3, 49.39, 148.17);
UPDATE Venta SET Total = 537.79 WHERE VentaID = 38;
INSERT INTO Venta (VentaID, Fecha, Total, ClienteID, UsuarioID) VALUES (39, '2025-05-03', 0, 9, 2);
INSERT INTO DetalleVenta (DetalleID, VentaID, ProductoID, Cantidad, PrecioVenta, Subtotal) VALUES (125, 39, 1, 4, 2.13, 8.52);
INSERT INTO DetalleVenta (DetalleID, VentaID, ProductoID, Cantidad, PrecioVenta, Subtotal) VALUES (126, 39, 14, 5, 45.31, 226.55);
UPDATE Venta SET Total = 235.07 WHERE VentaID = 39;
INSERT INTO Venta (VentaID, Fecha, Total, ClienteID, UsuarioID) VALUES (40, '2025-05-16', 0, 79, 2);
INSERT INTO DetalleVenta (DetalleID, VentaID, ProductoID, Cantidad, PrecioVenta, Subtotal) VALUES (127, 40, 32, 1, 33.44, 33.44);
INSERT INTO DetalleVenta (DetalleID, VentaID, ProductoID, Cantidad, PrecioVenta, Subtotal) VALUES (128, 40, 73, 1, 30.5, 30.5);
UPDATE Venta SET Total = 63.94 WHERE VentaID = 40;
INSERT INTO Venta (VentaID, Fecha, Total, ClienteID, UsuarioID) VALUES (41, '2025-05-12', 0, 19, 5);
INSERT INTO DetalleVenta (DetalleID, VentaID, ProductoID, Cantidad, PrecioVenta, Subtotal) VALUES (129, 41, 56, 3, 3.82, 11.46);
INSERT INTO DetalleVenta (DetalleID, VentaID, ProductoID, Cantidad, PrecioVenta, Subtotal) VALUES (130, 41, 67, 2, 45.11, 90.22);
INSERT INTO DetalleVenta (DetalleID, VentaID, ProductoID, Cantidad, PrecioVenta, Subtotal) VALUES (131, 41, 45, 4, 42.47, 169.88);
INSERT INTO DetalleVenta (DetalleID, VentaID, ProductoID, Cantidad, PrecioVenta, Subtotal) VALUES (132, 41, 36, 3, 33.84, 101.52);
INSERT INTO DetalleVenta (DetalleID, VentaID, ProductoID, Cantidad, PrecioVenta, Subtotal) VALUES (133, 41, 46, 4, 22.38, 89.52);
UPDATE Venta SET Total = 462.6 WHERE VentaID = 41;
INSERT INTO Venta (VentaID, Fecha, Total, ClienteID, UsuarioID) VALUES (42, '2025-05-09', 0, 36, 2);
INSERT INTO DetalleVenta (DetalleID, VentaID, ProductoID, Cantidad, PrecioVenta, Subtotal) VALUES (134, 42, 66, 3, 44.26, 132.78);
INSERT INTO DetalleVenta (DetalleID, VentaID, ProductoID, Cantidad, PrecioVenta, Subtotal) VALUES (135, 42, 23, 4, 48.44, 193.76);
INSERT INTO DetalleVenta (DetalleID, VentaID, ProductoID, Cantidad, PrecioVenta, Subtotal) VALUES (136, 42, 29, 1, 45.87, 45.87);
UPDATE Venta SET Total = 372.41 WHERE VentaID = 42;
INSERT INTO Venta (VentaID, Fecha, Total, ClienteID, UsuarioID) VALUES (43, '2025-05-17', 0, 91, 2);
INSERT INTO DetalleVenta (DetalleID, VentaID, ProductoID, Cantidad, PrecioVenta, Subtotal) VALUES (137, 43, 49, 4, 19.43, 77.72);
INSERT INTO DetalleVenta (DetalleID, VentaID, ProductoID, Cantidad, PrecioVenta, Subtotal) VALUES (138, 43, 46, 5, 22.38, 111.9);
UPDATE Venta SET Total = 189.62 WHERE VentaID = 43;
INSERT INTO Venta (VentaID, Fecha, Total, ClienteID, UsuarioID) VALUES (44, '2025-05-26', 0, 17, 4);
INSERT INTO DetalleVenta (DetalleID, VentaID, ProductoID, Cantidad, PrecioVenta, Subtotal) VALUES (139, 44, 77, 5, 23.27, 116.35);
INSERT INTO DetalleVenta (DetalleID, VentaID, ProductoID, Cantidad, PrecioVenta, Subtotal) VALUES (140, 44, 19, 5, 48.63, 243.15);
UPDATE Venta SET Total = 359.5 WHERE VentaID = 44;
INSERT INTO Venta (VentaID, Fecha, Total, ClienteID, UsuarioID) VALUES (45, '2025-05-22', 0, 84, 1);
INSERT INTO DetalleVenta (DetalleID, VentaID, ProductoID, Cantidad, PrecioVenta, Subtotal) VALUES (141, 45, 32, 1, 33.44, 33.44);
INSERT INTO DetalleVenta (DetalleID, VentaID, ProductoID, Cantidad, PrecioVenta, Subtotal) VALUES (142, 45, 58, 2, 24.66, 49.32);
INSERT INTO DetalleVenta (DetalleID, VentaID, ProductoID, Cantidad, PrecioVenta, Subtotal) VALUES (143, 45, 57, 5, 49.39, 246.95);
UPDATE Venta SET Total = 329.71 WHERE VentaID = 45;
INSERT INTO Venta (VentaID, Fecha, Total, ClienteID, UsuarioID) VALUES (46, '2025-05-11', 0, 69, 3);
INSERT INTO DetalleVenta (DetalleID, VentaID, ProductoID, Cantidad, PrecioVenta, Subtotal) VALUES (144, 46, 29, 3, 45.87, 137.61);
INSERT INTO DetalleVenta (DetalleID, VentaID, ProductoID, Cantidad, PrecioVenta, Subtotal) VALUES (145, 46, 74, 2, 24.29, 48.58);
INSERT INTO DetalleVenta (DetalleID, VentaID, ProductoID, Cantidad, PrecioVenta, Subtotal) VALUES (146, 46, 52, 3, 46.86, 140.58);
INSERT INTO DetalleVenta (DetalleID, VentaID, ProductoID, Cantidad, PrecioVenta, Subtotal) VALUES (147, 46, 40, 2, 47.42, 94.84);
UPDATE Venta SET Total = 421.61 WHERE VentaID = 46;
INSERT INTO Venta (VentaID, Fecha, Total, ClienteID, UsuarioID) VALUES (47, '2025-05-26', 0, 9, 2);
INSERT INTO DetalleVenta (DetalleID, VentaID, ProductoID, Cantidad, PrecioVenta, Subtotal) VALUES (148, 47, 56, 3, 3.82, 11.46);
INSERT INTO DetalleVenta (DetalleID, VentaID, ProductoID, Cantidad, PrecioVenta, Subtotal) VALUES (149, 47, 80, 4, 23.7, 94.8);
INSERT INTO DetalleVenta (DetalleID, VentaID, ProductoID, Cantidad, PrecioVenta, Subtotal) VALUES (150, 47, 27, 1, 7.89, 7.89);
INSERT INTO DetalleVenta (DetalleID, VentaID, ProductoID, Cantidad, PrecioVenta, Subtotal) VALUES (151, 47, 58, 5, 24.66, 123.3);
UPDATE Venta SET Total = 237.45 WHERE VentaID = 47;
INSERT INTO Venta (VentaID, Fecha, Total, ClienteID, UsuarioID) VALUES (48, '2025-05-16', 0, 62, 2);
INSERT INTO DetalleVenta (DetalleID, VentaID, ProductoID, Cantidad, PrecioVenta, Subtotal) VALUES (152, 48, 51, 3, 44.72, 134.16);
INSERT INTO DetalleVenta (DetalleID, VentaID, ProductoID, Cantidad, PrecioVenta, Subtotal) VALUES (153, 48, 47, 5, 42.3, 211.5);
INSERT INTO DetalleVenta (DetalleID, VentaID, ProductoID, Cantidad, PrecioVenta, Subtotal) VALUES (154, 48, 37, 3, 35.44, 106.32);
UPDATE Venta SET Total = 451.98 WHERE VentaID = 48;
INSERT INTO Venta (VentaID, Fecha, Total, ClienteID, UsuarioID) VALUES (49, '2025-05-20', 0, 81, 5);
INSERT INTO DetalleVenta (DetalleID, VentaID, ProductoID, Cantidad, PrecioVenta, Subtotal) VALUES (155, 49, 51, 3, 44.72, 134.16);
INSERT INTO DetalleVenta (DetalleID, VentaID, ProductoID, Cantidad, PrecioVenta, Subtotal) VALUES (156, 49, 44, 4, 44.15, 176.6);
UPDATE Venta SET Total = 310.76 WHERE VentaID = 49;
INSERT INTO Venta (VentaID, Fecha, Total, ClienteID, UsuarioID) VALUES (50, '2025-05-14', 0, 83, 5);
INSERT INTO DetalleVenta (DetalleID, VentaID, ProductoID, Cantidad, PrecioVenta, Subtotal) VALUES (157, 50, 49, 2, 19.43, 38.86);
INSERT INTO DetalleVenta (DetalleID, VentaID, ProductoID, Cantidad, PrecioVenta, Subtotal) VALUES (158, 50, 48, 4, 15.09, 60.36);
UPDATE Venta SET Total = 99.22 WHERE VentaID = 50;
INSERT INTO Venta (VentaID, Fecha, Total, ClienteID, UsuarioID) VALUES (51, '2025-05-11', 0, 15, 5);
INSERT INTO DetalleVenta (DetalleID, VentaID, ProductoID, Cantidad, PrecioVenta, Subtotal) VALUES (159, 51, 22, 5, 6.19, 30.95);
INSERT INTO DetalleVenta (DetalleID, VentaID, ProductoID, Cantidad, PrecioVenta, Subtotal) VALUES (160, 51, 49, 2, 19.43, 38.86);
INSERT INTO DetalleVenta (DetalleID, VentaID, ProductoID, Cantidad, PrecioVenta, Subtotal) VALUES (161, 51, 40, 2, 47.42, 94.84);
UPDATE Venta SET Total = 164.65 WHERE VentaID = 51;
INSERT INTO Venta (VentaID, Fecha, Total, ClienteID, UsuarioID) VALUES (52, '2025-05-10', 0, 82, 5);
INSERT INTO DetalleVenta (DetalleID, VentaID, ProductoID, Cantidad, PrecioVenta, Subtotal) VALUES (162, 52, 16, 4, 31.04, 124.16);
INSERT INTO DetalleVenta (DetalleID, VentaID, ProductoID, Cantidad, PrecioVenta, Subtotal) VALUES (163, 52, 63, 3, 23.23, 69.69);
INSERT INTO DetalleVenta (DetalleID, VentaID, ProductoID, Cantidad, PrecioVenta, Subtotal) VALUES (164, 52, 34, 5, 21.63, 108.15);
INSERT INTO DetalleVenta (DetalleID, VentaID, ProductoID, Cantidad, PrecioVenta, Subtotal) VALUES (165, 52, 8, 1, 47.81, 47.81);
INSERT INTO DetalleVenta (DetalleID, VentaID, ProductoID, Cantidad, PrecioVenta, Subtotal) VALUES (166, 52, 60, 3, 3.05, 9.15);
UPDATE Venta SET Total = 358.96 WHERE VentaID = 52;
INSERT INTO Venta (VentaID, Fecha, Total, ClienteID, UsuarioID) VALUES (53, '2025-05-10', 0, 76, 3);
INSERT INTO DetalleVenta (DetalleID, VentaID, ProductoID, Cantidad, PrecioVenta, Subtotal) VALUES (167, 53, 48, 3, 15.09, 45.27);
INSERT INTO DetalleVenta (DetalleID, VentaID, ProductoID, Cantidad, PrecioVenta, Subtotal) VALUES (168, 53, 43, 5, 11.03, 55.15);
INSERT INTO DetalleVenta (DetalleID, VentaID, ProductoID, Cantidad, PrecioVenta, Subtotal) VALUES (169, 53, 44, 3, 44.15, 132.45);
UPDATE Venta SET Total = 232.87 WHERE VentaID = 53;
INSERT INTO Venta (VentaID, Fecha, Total, ClienteID, UsuarioID) VALUES (54, '2025-05-17', 0, 29, 4);
INSERT INTO DetalleVenta (DetalleID, VentaID, ProductoID, Cantidad, PrecioVenta, Subtotal) VALUES (170, 54, 17, 2, 29.86, 59.72);
INSERT INTO DetalleVenta (DetalleID, VentaID, ProductoID, Cantidad, PrecioVenta, Subtotal) VALUES (171, 54, 75, 2, 38.24, 76.48);
UPDATE Venta SET Total = 136.2 WHERE VentaID = 54;
INSERT INTO Venta (VentaID, Fecha, Total, ClienteID, UsuarioID) VALUES (55, '2025-05-03', 0, 55, 3);
INSERT INTO DetalleVenta (DetalleID, VentaID, ProductoID, Cantidad, PrecioVenta, Subtotal) VALUES (172, 55, 55, 5, 35.02, 175.1);
INSERT INTO DetalleVenta (DetalleID, VentaID, ProductoID, Cantidad, PrecioVenta, Subtotal) VALUES (173, 55, 18, 2, 21.11, 42.22);
UPDATE Venta SET Total = 217.32 WHERE VentaID = 55;
INSERT INTO Venta (VentaID, Fecha, Total, ClienteID, UsuarioID) VALUES (56, '2025-05-22', 0, 32, 4);
INSERT INTO DetalleVenta (DetalleID, VentaID, ProductoID, Cantidad, PrecioVenta, Subtotal) VALUES (174, 56, 13, 2, 26.74, 53.48);
INSERT INTO DetalleVenta (DetalleID, VentaID, ProductoID, Cantidad, PrecioVenta, Subtotal) VALUES (175, 56, 50, 4, 9.35, 37.4);
INSERT INTO DetalleVenta (DetalleID, VentaID, ProductoID, Cantidad, PrecioVenta, Subtotal) VALUES (176, 56, 31, 2, 4.6, 9.2);
INSERT INTO DetalleVenta (DetalleID, VentaID, ProductoID, Cantidad, PrecioVenta, Subtotal) VALUES (177, 56, 78, 4, 28.33, 113.32);
INSERT INTO DetalleVenta (DetalleID, VentaID, ProductoID, Cantidad, PrecioVenta, Subtotal) VALUES (178, 56, 64, 2, 44.76, 89.52);
UPDATE Venta SET Total = 302.92 WHERE VentaID = 56;
INSERT INTO Venta (VentaID, Fecha, Total, ClienteID, UsuarioID) VALUES (57, '2025-05-24', 0, 77, 3);
INSERT INTO DetalleVenta (DetalleID, VentaID, ProductoID, Cantidad, PrecioVenta, Subtotal) VALUES (179, 57, 30, 1, 29.14, 29.14);
INSERT INTO DetalleVenta (DetalleID, VentaID, ProductoID, Cantidad, PrecioVenta, Subtotal) VALUES (180, 57, 37, 1, 35.44, 35.44);
UPDATE Venta SET Total = 64.58 WHERE VentaID = 57;
INSERT INTO Venta (VentaID, Fecha, Total, ClienteID, UsuarioID) VALUES (58, '2025-05-21', 0, 66, 2);
INSERT INTO DetalleVenta (DetalleID, VentaID, ProductoID, Cantidad, PrecioVenta, Subtotal) VALUES (181, 58, 12, 5, 16.32, 81.6);
INSERT INTO DetalleVenta (DetalleID, VentaID, ProductoID, Cantidad, PrecioVenta, Subtotal) VALUES (182, 58, 64, 5, 44.76, 223.8);
UPDATE Venta SET Total = 305.4 WHERE VentaID = 58;
INSERT INTO Venta (VentaID, Fecha, Total, ClienteID, UsuarioID) VALUES (59, '2025-05-17', 0, 37, 2);
INSERT INTO DetalleVenta (DetalleID, VentaID, ProductoID, Cantidad, PrecioVenta, Subtotal) VALUES (183, 59, 9, 3, 11.09, 33.27);
INSERT INTO DetalleVenta (DetalleID, VentaID, ProductoID, Cantidad, PrecioVenta, Subtotal) VALUES (184, 59, 36, 3, 33.84, 101.52);
INSERT INTO DetalleVenta (DetalleID, VentaID, ProductoID, Cantidad, PrecioVenta, Subtotal) VALUES (185, 59, 8, 5, 47.81, 239.05);
INSERT INTO DetalleVenta (DetalleID, VentaID, ProductoID, Cantidad, PrecioVenta, Subtotal) VALUES (186, 59, 64, 5, 44.76, 223.8);
UPDATE Venta SET Total = 597.64 WHERE VentaID = 59;
INSERT INTO Venta (VentaID, Fecha, Total, ClienteID, UsuarioID) VALUES (60, '2025-05-27', 0, 85, 5);
INSERT INTO DetalleVenta (DetalleID, VentaID, ProductoID, Cantidad, PrecioVenta, Subtotal) VALUES (187, 60, 23, 5, 48.44, 242.2);
INSERT INTO DetalleVenta (DetalleID, VentaID, ProductoID, Cantidad, PrecioVenta, Subtotal) VALUES (188, 60, 11, 5, 26.15, 130.75);
UPDATE Venta SET Total = 372.95 WHERE VentaID = 60;
INSERT INTO Venta (VentaID, Fecha, Total, ClienteID, UsuarioID) VALUES (61, '2025-04-15', 0, 79, 1);
INSERT INTO DetalleVenta (DetalleID, VentaID, ProductoID, Cantidad, PrecioVenta, Subtotal) VALUES (189, 61, 63, 4, 23.23, 92.92);
INSERT INTO DetalleVenta (DetalleID, VentaID, ProductoID, Cantidad, PrecioVenta, Subtotal) VALUES (190, 61, 72, 5, 30.72, 153.6);
UPDATE Venta SET Total = 246.52 WHERE VentaID = 61;
INSERT INTO Venta (VentaID, Fecha, Total, ClienteID, UsuarioID) VALUES (62, '2025-04-15', 0, 74, 3);
INSERT INTO DetalleVenta (DetalleID, VentaID, ProductoID, Cantidad, PrecioVenta, Subtotal) VALUES (191, 62, 52, 5, 46.86, 234.3);
INSERT INTO DetalleVenta (DetalleID, VentaID, ProductoID, Cantidad, PrecioVenta, Subtotal) VALUES (192, 62, 6, 3, 12.11, 36.33);
INSERT INTO DetalleVenta (DetalleID, VentaID, ProductoID, Cantidad, PrecioVenta, Subtotal) VALUES (193, 62, 57, 1, 49.39, 49.39);
INSERT INTO DetalleVenta (DetalleID, VentaID, ProductoID, Cantidad, PrecioVenta, Subtotal) VALUES (194, 62, 22, 4, 6.19, 24.76);
UPDATE Venta SET Total = 344.78 WHERE VentaID = 62;
INSERT INTO Venta (VentaID, Fecha, Total, ClienteID, UsuarioID) VALUES (63, '2025-04-10', 0, 7, 4);
INSERT INTO DetalleVenta (DetalleID, VentaID, ProductoID, Cantidad, PrecioVenta, Subtotal) VALUES (195, 63, 14, 5, 45.31, 226.55);
INSERT INTO DetalleVenta (DetalleID, VentaID, ProductoID, Cantidad, PrecioVenta, Subtotal) VALUES (196, 63, 70, 3, 13.62, 40.86);
INSERT INTO DetalleVenta (DetalleID, VentaID, ProductoID, Cantidad, PrecioVenta, Subtotal) VALUES (197, 63, 37, 4, 35.44, 141.76);
INSERT INTO DetalleVenta (DetalleID, VentaID, ProductoID, Cantidad, PrecioVenta, Subtotal) VALUES (198, 63, 29, 4, 45.87, 183.48);
UPDATE Venta SET Total = 592.65 WHERE VentaID = 63;
INSERT INTO Venta (VentaID, Fecha, Total, ClienteID, UsuarioID) VALUES (64, '2025-04-25', 0, 45, 1);
INSERT INTO DetalleVenta (DetalleID, VentaID, ProductoID, Cantidad, PrecioVenta, Subtotal) VALUES (199, 64, 23, 4, 48.44, 193.76);
INSERT INTO DetalleVenta (DetalleID, VentaID, ProductoID, Cantidad, PrecioVenta, Subtotal) VALUES (200, 64, 26, 4, 30.83, 123.32);
INSERT INTO DetalleVenta (DetalleID, VentaID, ProductoID, Cantidad, PrecioVenta, Subtotal) VALUES (201, 64, 57, 3, 49.39, 148.17);
INSERT INTO DetalleVenta (DetalleID, VentaID, ProductoID, Cantidad, PrecioVenta, Subtotal) VALUES (202, 64, 62, 2, 19.02, 38.04);
UPDATE Venta SET Total = 503.29 WHERE VentaID = 64;
INSERT INTO Venta (VentaID, Fecha, Total, ClienteID, UsuarioID) VALUES (65, '2025-04-26', 0, 27, 2);
INSERT INTO DetalleVenta (DetalleID, VentaID, ProductoID, Cantidad, PrecioVenta, Subtotal) VALUES (203, 65, 3, 2, 1.75, 3.5);
INSERT INTO DetalleVenta (DetalleID, VentaID, ProductoID, Cantidad, PrecioVenta, Subtotal) VALUES (204, 65, 51, 4, 44.72, 178.88);
INSERT INTO DetalleVenta (DetalleID, VentaID, ProductoID, Cantidad, PrecioVenta, Subtotal) VALUES (205, 65, 41, 3, 26.89, 80.67);
INSERT INTO DetalleVenta (DetalleID, VentaID, ProductoID, Cantidad, PrecioVenta, Subtotal) VALUES (206, 65, 39, 3, 47.35, 142.05);
UPDATE Venta SET Total = 405.1 WHERE VentaID = 65;
INSERT INTO Venta (VentaID, Fecha, Total, ClienteID, UsuarioID) VALUES (66, '2025-04-27', 0, 78, 2);
INSERT INTO DetalleVenta (DetalleID, VentaID, ProductoID, Cantidad, PrecioVenta, Subtotal) VALUES (207, 66, 67, 1, 45.11, 45.11);
INSERT INTO DetalleVenta (DetalleID, VentaID, ProductoID, Cantidad, PrecioVenta, Subtotal) VALUES (208, 66, 56, 4, 3.82, 15.28);
INSERT INTO DetalleVenta (DetalleID, VentaID, ProductoID, Cantidad, PrecioVenta, Subtotal) VALUES (209, 66, 77, 4, 23.27, 93.08);
UPDATE Venta SET Total = 153.47 WHERE VentaID = 66;
INSERT INTO Venta (VentaID, Fecha, Total, ClienteID, UsuarioID) VALUES (67, '2025-04-05', 0, 28, 2);
INSERT INTO DetalleVenta (DetalleID, VentaID, ProductoID, Cantidad, PrecioVenta, Subtotal) VALUES (210, 67, 32, 4, 33.44, 133.76);
INSERT INTO DetalleVenta (DetalleID, VentaID, ProductoID, Cantidad, PrecioVenta, Subtotal) VALUES (211, 67, 63, 1, 23.23, 23.23);
UPDATE Venta SET Total = 156.99 WHERE VentaID = 67;
INSERT INTO Venta (VentaID, Fecha, Total, ClienteID, UsuarioID) VALUES (68, '2025-04-22', 0, 68, 3);
INSERT INTO DetalleVenta (DetalleID, VentaID, ProductoID, Cantidad, PrecioVenta, Subtotal) VALUES (212, 68, 62, 1, 19.02, 19.02);
INSERT INTO DetalleVenta (DetalleID, VentaID, ProductoID, Cantidad, PrecioVenta, Subtotal) VALUES (213, 68, 61, 4, 23.52, 94.08);
INSERT INTO DetalleVenta (DetalleID, VentaID, ProductoID, Cantidad, PrecioVenta, Subtotal) VALUES (214, 68, 33, 4, 39.43, 157.72);
UPDATE Venta SET Total = 270.82 WHERE VentaID = 68;
INSERT INTO Venta (VentaID, Fecha, Total, ClienteID, UsuarioID) VALUES (69, '2025-04-09', 0, 57, 3);
INSERT INTO DetalleVenta (DetalleID, VentaID, ProductoID, Cantidad, PrecioVenta, Subtotal) VALUES (215, 69, 49, 3, 19.43, 58.29);
INSERT INTO DetalleVenta (DetalleID, VentaID, ProductoID, Cantidad, PrecioVenta, Subtotal) VALUES (216, 69, 21, 4, 25.69, 102.76);
INSERT INTO DetalleVenta (DetalleID, VentaID, ProductoID, Cantidad, PrecioVenta, Subtotal) VALUES (217, 69, 79, 2, 49.66, 99.32);
UPDATE Venta SET Total = 260.37 WHERE VentaID = 69;
INSERT INTO Venta (VentaID, Fecha, Total, ClienteID, UsuarioID) VALUES (70, '2025-04-16', 0, 99, 4);
INSERT INTO DetalleVenta (DetalleID, VentaID, ProductoID, Cantidad, PrecioVenta, Subtotal) VALUES (218, 70, 33, 4, 39.43, 157.72);
INSERT INTO DetalleVenta (DetalleID, VentaID, ProductoID, Cantidad, PrecioVenta, Subtotal) VALUES (219, 70, 48, 2, 15.09, 30.18);
INSERT INTO DetalleVenta (DetalleID, VentaID, ProductoID, Cantidad, PrecioVenta, Subtotal) VALUES (220, 70, 18, 4, 21.11, 84.44);
UPDATE Venta SET Total = 272.34 WHERE VentaID = 70;
INSERT INTO Venta (VentaID, Fecha, Total, ClienteID, UsuarioID) VALUES (71, '2025-04-08', 0, 47, 5);
INSERT INTO DetalleVenta (DetalleID, VentaID, ProductoID, Cantidad, PrecioVenta, Subtotal) VALUES (221, 71, 43, 1, 11.03, 11.03);
INSERT INTO DetalleVenta (DetalleID, VentaID, ProductoID, Cantidad, PrecioVenta, Subtotal) VALUES (222, 71, 29, 3, 45.87, 137.61);
INSERT INTO DetalleVenta (DetalleID, VentaID, ProductoID, Cantidad, PrecioVenta, Subtotal) VALUES (223, 71, 51, 4, 44.72, 178.88);
UPDATE Venta SET Total = 327.52 WHERE VentaID = 71;
INSERT INTO Venta (VentaID, Fecha, Total, ClienteID, UsuarioID) VALUES (72, '2025-04-03', 0, 32, 3);
INSERT INTO DetalleVenta (DetalleID, VentaID, ProductoID, Cantidad, PrecioVenta, Subtotal) VALUES (224, 72, 44, 5, 44.15, 220.75);
INSERT INTO DetalleVenta (DetalleID, VentaID, ProductoID, Cantidad, PrecioVenta, Subtotal) VALUES (225, 72, 64, 3, 44.76, 134.28);
INSERT INTO DetalleVenta (DetalleID, VentaID, ProductoID, Cantidad, PrecioVenta, Subtotal) VALUES (226, 72, 55, 1, 35.02, 35.02);
UPDATE Venta SET Total = 390.05 WHERE VentaID = 72;
INSERT INTO Venta (VentaID, Fecha, Total, ClienteID, UsuarioID) VALUES (73, '2025-04-27', 0, 94, 5);
INSERT INTO DetalleVenta (DetalleID, VentaID, ProductoID, Cantidad, PrecioVenta, Subtotal) VALUES (227, 73, 14, 4, 45.31, 181.24);
INSERT INTO DetalleVenta (DetalleID, VentaID, ProductoID, Cantidad, PrecioVenta, Subtotal) VALUES (228, 73, 5, 5, 28.89, 144.45);
UPDATE Venta SET Total = 325.69 WHERE VentaID = 73;
INSERT INTO Venta (VentaID, Fecha, Total, ClienteID, UsuarioID) VALUES (74, '2025-04-07', 0, 57, 2);
INSERT INTO DetalleVenta (DetalleID, VentaID, ProductoID, Cantidad, PrecioVenta, Subtotal) VALUES (229, 74, 41, 5, 26.89, 134.45);
INSERT INTO DetalleVenta (DetalleID, VentaID, ProductoID, Cantidad, PrecioVenta, Subtotal) VALUES (230, 74, 15, 1, 43.65, 43.65);
INSERT INTO DetalleVenta (DetalleID, VentaID, ProductoID, Cantidad, PrecioVenta, Subtotal) VALUES (231, 74, 12, 4, 16.32, 65.28);
INSERT INTO DetalleVenta (DetalleID, VentaID, ProductoID, Cantidad, PrecioVenta, Subtotal) VALUES (232, 74, 18, 1, 21.11, 21.11);
UPDATE Venta SET Total = 264.49 WHERE VentaID = 74;
INSERT INTO Venta (VentaID, Fecha, Total, ClienteID, UsuarioID) VALUES (75, '2025-04-01', 0, 63, 1);
INSERT INTO DetalleVenta (DetalleID, VentaID, ProductoID, Cantidad, PrecioVenta, Subtotal) VALUES (233, 75, 24, 3, 36.56, 109.68);
INSERT INTO DetalleVenta (DetalleID, VentaID, ProductoID, Cantidad, PrecioVenta, Subtotal) VALUES (234, 75, 76, 4, 18.88, 75.52);
INSERT INTO DetalleVenta (DetalleID, VentaID, ProductoID, Cantidad, PrecioVenta, Subtotal) VALUES (235, 75, 6, 1, 12.11, 12.11);
UPDATE Venta SET Total = 197.31 WHERE VentaID = 75;
INSERT INTO Venta (VentaID, Fecha, Total, ClienteID, UsuarioID) VALUES (76, '2025-04-27', 0, 26, 4);
INSERT INTO DetalleVenta (DetalleID, VentaID, ProductoID, Cantidad, PrecioVenta, Subtotal) VALUES (236, 76, 5, 4, 28.89, 115.56);
INSERT INTO DetalleVenta (DetalleID, VentaID, ProductoID, Cantidad, PrecioVenta, Subtotal) VALUES (237, 76, 76, 4, 18.88, 75.52);
INSERT INTO DetalleVenta (DetalleID, VentaID, ProductoID, Cantidad, PrecioVenta, Subtotal) VALUES (238, 76, 10, 4, 44.99, 179.96);
UPDATE Venta SET Total = 371.04 WHERE VentaID = 76;
INSERT INTO Venta (VentaID, Fecha, Total, ClienteID, UsuarioID) VALUES (77, '2025-04-10', 0, 26, 4);
INSERT INTO DetalleVenta (DetalleID, VentaID, ProductoID, Cantidad, PrecioVenta, Subtotal) VALUES (239, 77, 63, 1, 23.23, 23.23);
INSERT INTO DetalleVenta (DetalleID, VentaID, ProductoID, Cantidad, PrecioVenta, Subtotal) VALUES (240, 77, 19, 3, 48.63, 145.89);
INSERT INTO DetalleVenta (DetalleID, VentaID, ProductoID, Cantidad, PrecioVenta, Subtotal) VALUES (241, 77, 20, 5, 34.61, 173.05);
INSERT INTO DetalleVenta (DetalleID, VentaID, ProductoID, Cantidad, PrecioVenta, Subtotal) VALUES (242, 77, 59, 4, 40.02, 160.08);
UPDATE Venta SET Total = 502.25 WHERE VentaID = 77;
INSERT INTO Venta (VentaID, Fecha, Total, ClienteID, UsuarioID) VALUES (78, '2025-04-11', 0, 32, 1);
INSERT INTO DetalleVenta (DetalleID, VentaID, ProductoID, Cantidad, PrecioVenta, Subtotal) VALUES (243, 78, 31, 2, 4.6, 9.2);
INSERT INTO DetalleVenta (DetalleID, VentaID, ProductoID, Cantidad, PrecioVenta, Subtotal) VALUES (244, 78, 35, 2, 43.04, 86.08);
INSERT INTO DetalleVenta (DetalleID, VentaID, ProductoID, Cantidad, PrecioVenta, Subtotal) VALUES (245, 78, 67, 5, 45.11, 225.55);
UPDATE Venta SET Total = 320.83 WHERE VentaID = 78;
INSERT INTO Venta (VentaID, Fecha, Total, ClienteID, UsuarioID) VALUES (79, '2025-04-07', 0, 71, 2);
INSERT INTO DetalleVenta (DetalleID, VentaID, ProductoID, Cantidad, PrecioVenta, Subtotal) VALUES (246, 79, 70, 2, 13.62, 27.24);
INSERT INTO DetalleVenta (DetalleID, VentaID, ProductoID, Cantidad, PrecioVenta, Subtotal) VALUES (247, 79, 30, 1, 29.14, 29.14);
INSERT INTO DetalleVenta (DetalleID, VentaID, ProductoID, Cantidad, PrecioVenta, Subtotal) VALUES (248, 79, 47, 4, 42.3, 169.2);
INSERT INTO DetalleVenta (DetalleID, VentaID, ProductoID, Cantidad, PrecioVenta, Subtotal) VALUES (249, 79, 38, 5, 12.3, 61.5);
UPDATE Venta SET Total = 287.08 WHERE VentaID = 79;
INSERT INTO Venta (VentaID, Fecha, Total, ClienteID, UsuarioID) VALUES (80, '2025-04-01', 0, 59, 2);
INSERT INTO DetalleVenta (DetalleID, VentaID, ProductoID, Cantidad, PrecioVenta, Subtotal) VALUES (250, 80, 1, 1, 2.13, 2.13);
INSERT INTO DetalleVenta (DetalleID, VentaID, ProductoID, Cantidad, PrecioVenta, Subtotal) VALUES (251, 80, 28, 2, 48.97, 97.94);
INSERT INTO DetalleVenta (DetalleID, VentaID, ProductoID, Cantidad, PrecioVenta, Subtotal) VALUES (252, 80, 8, 1, 47.81, 47.81);
INSERT INTO DetalleVenta (DetalleID, VentaID, ProductoID, Cantidad, PrecioVenta, Subtotal) VALUES (253, 80, 52, 3, 46.86, 140.58);
UPDATE Venta SET Total = 288.46 WHERE VentaID = 80;
INSERT INTO Venta (VentaID, Fecha, Total, ClienteID, UsuarioID) VALUES (81, '2025-04-10', 0, 74, 2);
INSERT INTO DetalleVenta (DetalleID, VentaID, ProductoID, Cantidad, PrecioVenta, Subtotal) VALUES (254, 81, 66, 3, 44.26, 132.78);
INSERT INTO DetalleVenta (DetalleID, VentaID, ProductoID, Cantidad, PrecioVenta, Subtotal) VALUES (255, 81, 4, 1, 7.65, 7.65);
INSERT INTO DetalleVenta (DetalleID, VentaID, ProductoID, Cantidad, PrecioVenta, Subtotal) VALUES (256, 81, 77, 3, 23.27, 69.81);
UPDATE Venta SET Total = 210.24 WHERE VentaID = 81;
INSERT INTO Venta (VentaID, Fecha, Total, ClienteID, UsuarioID) VALUES (82, '2025-04-05', 0, 88, 5);
INSERT INTO DetalleVenta (DetalleID, VentaID, ProductoID, Cantidad, PrecioVenta, Subtotal) VALUES (257, 82, 6, 2, 12.11, 24.22);
INSERT INTO DetalleVenta (DetalleID, VentaID, ProductoID, Cantidad, PrecioVenta, Subtotal) VALUES (258, 82, 51, 2, 44.72, 89.44);
INSERT INTO DetalleVenta (DetalleID, VentaID, ProductoID, Cantidad, PrecioVenta, Subtotal) VALUES (259, 82, 46, 3, 22.38, 67.14);
INSERT INTO DetalleVenta (DetalleID, VentaID, ProductoID, Cantidad, PrecioVenta, Subtotal) VALUES (260, 82, 54, 5, 42.04, 210.2);
INSERT INTO DetalleVenta (DetalleID, VentaID, ProductoID, Cantidad, PrecioVenta, Subtotal) VALUES (261, 82, 72, 2, 30.72, 61.44);
UPDATE Venta SET Total = 452.44 WHERE VentaID = 82;
INSERT INTO Venta (VentaID, Fecha, Total, ClienteID, UsuarioID) VALUES (83, '2025-04-12', 0, 100, 3);
INSERT INTO DetalleVenta (DetalleID, VentaID, ProductoID, Cantidad, PrecioVenta, Subtotal) VALUES (262, 83, 56, 2, 3.82, 7.64);
INSERT INTO DetalleVenta (DetalleID, VentaID, ProductoID, Cantidad, PrecioVenta, Subtotal) VALUES (263, 83, 53, 1, 47.85, 47.85);
UPDATE Venta SET Total = 55.49 WHERE VentaID = 83;
INSERT INTO Venta (VentaID, Fecha, Total, ClienteID, UsuarioID) VALUES (84, '2025-04-01', 0, 93, 4);
INSERT INTO DetalleVenta (DetalleID, VentaID, ProductoID, Cantidad, PrecioVenta, Subtotal) VALUES (264, 84, 20, 5, 34.61, 173.05);
INSERT INTO DetalleVenta (DetalleID, VentaID, ProductoID, Cantidad, PrecioVenta, Subtotal) VALUES (265, 84, 72, 1, 30.72, 30.72);
INSERT INTO DetalleVenta (DetalleID, VentaID, ProductoID, Cantidad, PrecioVenta, Subtotal) VALUES (266, 84, 56, 4, 3.82, 15.28);
UPDATE Venta SET Total = 219.05 WHERE VentaID = 84;
INSERT INTO Venta (VentaID, Fecha, Total, ClienteID, UsuarioID) VALUES (85, '2025-04-16', 0, 21, 4);
INSERT INTO DetalleVenta (DetalleID, VentaID, ProductoID, Cantidad, PrecioVenta, Subtotal) VALUES (267, 85, 24, 1, 36.56, 36.56);
INSERT INTO DetalleVenta (DetalleID, VentaID, ProductoID, Cantidad, PrecioVenta, Subtotal) VALUES (268, 85, 33, 3, 39.43, 118.29);
INSERT INTO DetalleVenta (DetalleID, VentaID, ProductoID, Cantidad, PrecioVenta, Subtotal) VALUES (269, 85, 39, 3, 47.35, 142.05);
INSERT INTO DetalleVenta (DetalleID, VentaID, ProductoID, Cantidad, PrecioVenta, Subtotal) VALUES (270, 85, 59, 1, 40.02, 40.02);
UPDATE Venta SET Total = 336.92 WHERE VentaID = 85;
INSERT INTO Venta (VentaID, Fecha, Total, ClienteID, UsuarioID) VALUES (86, '2025-04-04', 0, 33, 3);
INSERT INTO DetalleVenta (DetalleID, VentaID, ProductoID, Cantidad, PrecioVenta, Subtotal) VALUES (271, 86, 2, 5, 38.88, 194.4);
INSERT INTO DetalleVenta (DetalleID, VentaID, ProductoID, Cantidad, PrecioVenta, Subtotal) VALUES (272, 86, 73, 2, 30.5, 61.0);
UPDATE Venta SET Total = 255.4 WHERE VentaID = 86;
INSERT INTO Venta (VentaID, Fecha, Total, ClienteID, UsuarioID) VALUES (87, '2025-04-08', 0, 27, 1);
INSERT INTO DetalleVenta (DetalleID, VentaID, ProductoID, Cantidad, PrecioVenta, Subtotal) VALUES (273, 87, 15, 4, 43.65, 174.6);
INSERT INTO DetalleVenta (DetalleID, VentaID, ProductoID, Cantidad, PrecioVenta, Subtotal) VALUES (274, 87, 63, 3, 23.23, 69.69);
INSERT INTO DetalleVenta (DetalleID, VentaID, ProductoID, Cantidad, PrecioVenta, Subtotal) VALUES (275, 87, 25, 5, 20.64, 103.2);
INSERT INTO DetalleVenta (DetalleID, VentaID, ProductoID, Cantidad, PrecioVenta, Subtotal) VALUES (276, 87, 66, 1, 44.26, 44.26);
INSERT INTO DetalleVenta (DetalleID, VentaID, ProductoID, Cantidad, PrecioVenta, Subtotal) VALUES (277, 87, 74, 3, 24.29, 72.87);
UPDATE Venta SET Total = 464.62 WHERE VentaID = 87;
INSERT INTO Venta (VentaID, Fecha, Total, ClienteID, UsuarioID) VALUES (88, '2025-04-07', 0, 41, 3);
INSERT INTO DetalleVenta (DetalleID, VentaID, ProductoID, Cantidad, PrecioVenta, Subtotal) VALUES (278, 88, 54, 4, 42.04, 168.16);
INSERT INTO DetalleVenta (DetalleID, VentaID, ProductoID, Cantidad, PrecioVenta, Subtotal) VALUES (279, 88, 67, 2, 45.11, 90.22);
INSERT INTO DetalleVenta (DetalleID, VentaID, ProductoID, Cantidad, PrecioVenta, Subtotal) VALUES (280, 88, 68, 1, 7.93, 7.93);
INSERT INTO DetalleVenta (DetalleID, VentaID, ProductoID, Cantidad, PrecioVenta, Subtotal) VALUES (281, 88, 65, 4, 33.75, 135.0);
UPDATE Venta SET Total = 401.31 WHERE VentaID = 88;
INSERT INTO Venta (VentaID, Fecha, Total, ClienteID, UsuarioID) VALUES (89, '2025-04-22', 0, 66, 5);
INSERT INTO DetalleVenta (DetalleID, VentaID, ProductoID, Cantidad, PrecioVenta, Subtotal) VALUES (282, 89, 22, 5, 6.19, 30.95);
INSERT INTO DetalleVenta (DetalleID, VentaID, ProductoID, Cantidad, PrecioVenta, Subtotal) VALUES (283, 89, 32, 5, 33.44, 167.2);
UPDATE Venta SET Total = 198.15 WHERE VentaID = 89;
INSERT INTO Venta (VentaID, Fecha, Total, ClienteID, UsuarioID) VALUES (90, '2025-04-01', 0, 61, 5);
INSERT INTO DetalleVenta (DetalleID, VentaID, ProductoID, Cantidad, PrecioVenta, Subtotal) VALUES (284, 90, 65, 1, 33.75, 33.75);
INSERT INTO DetalleVenta (DetalleID, VentaID, ProductoID, Cantidad, PrecioVenta, Subtotal) VALUES (285, 90, 52, 5, 46.86, 234.3);
INSERT INTO DetalleVenta (DetalleID, VentaID, ProductoID, Cantidad, PrecioVenta, Subtotal) VALUES (286, 90, 63, 2, 23.23, 46.46);
UPDATE Venta SET Total = 314.51 WHERE VentaID = 90;
INSERT INTO Venta (VentaID, Fecha, Total, ClienteID, UsuarioID) VALUES (91, '2025-03-04', 0, 26, 2);
INSERT INTO DetalleVenta (DetalleID, VentaID, ProductoID, Cantidad, PrecioVenta, Subtotal) VALUES (287, 91, 16, 2, 31.04, 62.08);
INSERT INTO DetalleVenta (DetalleID, VentaID, ProductoID, Cantidad, PrecioVenta, Subtotal) VALUES (288, 91, 64, 3, 44.76, 134.28);
INSERT INTO DetalleVenta (DetalleID, VentaID, ProductoID, Cantidad, PrecioVenta, Subtotal) VALUES (289, 91, 33, 4, 39.43, 157.72);
UPDATE Venta SET Total = 354.08 WHERE VentaID = 91;
INSERT INTO Venta (VentaID, Fecha, Total, ClienteID, UsuarioID) VALUES (92, '2025-03-20', 0, 99, 5);
INSERT INTO DetalleVenta (DetalleID, VentaID, ProductoID, Cantidad, PrecioVenta, Subtotal) VALUES (290, 92, 17, 4, 29.86, 119.44);
INSERT INTO DetalleVenta (DetalleID, VentaID, ProductoID, Cantidad, PrecioVenta, Subtotal) VALUES (291, 92, 73, 2, 30.5, 61.0);
UPDATE Venta SET Total = 180.44 WHERE VentaID = 92;
INSERT INTO Venta (VentaID, Fecha, Total, ClienteID, UsuarioID) VALUES (93, '2025-03-10', 0, 61, 1);
INSERT INTO DetalleVenta (DetalleID, VentaID, ProductoID, Cantidad, PrecioVenta, Subtotal) VALUES (292, 93, 25, 5, 20.64, 103.2);
INSERT INTO DetalleVenta (DetalleID, VentaID, ProductoID, Cantidad, PrecioVenta, Subtotal) VALUES (293, 93, 6, 2, 12.11, 24.22);
INSERT INTO DetalleVenta (DetalleID, VentaID, ProductoID, Cantidad, PrecioVenta, Subtotal) VALUES (294, 93, 32, 2, 33.44, 66.88);
UPDATE Venta SET Total = 194.3 WHERE VentaID = 93;
INSERT INTO Venta (VentaID, Fecha, Total, ClienteID, UsuarioID) VALUES (94, '2025-03-26', 0, 9, 4);
INSERT INTO DetalleVenta (DetalleID, VentaID, ProductoID, Cantidad, PrecioVenta, Subtotal) VALUES (295, 94, 69, 1, 22.5, 22.5);
INSERT INTO DetalleVenta (DetalleID, VentaID, ProductoID, Cantidad, PrecioVenta, Subtotal) VALUES (296, 94, 34, 5, 21.63, 108.15);
UPDATE Venta SET Total = 130.65 WHERE VentaID = 94;
INSERT INTO Venta (VentaID, Fecha, Total, ClienteID, UsuarioID) VALUES (95, '2025-03-13', 0, 65, 1);
INSERT INTO DetalleVenta (DetalleID, VentaID, ProductoID, Cantidad, PrecioVenta, Subtotal) VALUES (297, 95, 58, 1, 24.66, 24.66);
INSERT INTO DetalleVenta (DetalleID, VentaID, ProductoID, Cantidad, PrecioVenta, Subtotal) VALUES (298, 95, 3, 1, 1.75, 1.75);
UPDATE Venta SET Total = 26.41 WHERE VentaID = 95;
INSERT INTO Venta (VentaID, Fecha, Total, ClienteID, UsuarioID) VALUES (96, '2025-03-21', 0, 71, 4);
INSERT INTO DetalleVenta (DetalleID, VentaID, ProductoID, Cantidad, PrecioVenta, Subtotal) VALUES (299, 96, 39, 2, 47.35, 94.7);
INSERT INTO DetalleVenta (DetalleID, VentaID, ProductoID, Cantidad, PrecioVenta, Subtotal) VALUES (300, 96, 71, 3, 30.5, 91.5);
INSERT INTO DetalleVenta (DetalleID, VentaID, ProductoID, Cantidad, PrecioVenta, Subtotal) VALUES (301, 96, 80, 3, 23.7, 71.1);
UPDATE Venta SET Total = 257.3 WHERE VentaID = 96;
INSERT INTO Venta (VentaID, Fecha, Total, ClienteID, UsuarioID) VALUES (97, '2025-03-19', 0, 96, 4);
INSERT INTO DetalleVenta (DetalleID, VentaID, ProductoID, Cantidad, PrecioVenta, Subtotal) VALUES (302, 97, 38, 3, 12.3, 36.9);
INSERT INTO DetalleVenta (DetalleID, VentaID, ProductoID, Cantidad, PrecioVenta, Subtotal) VALUES (303, 97, 57, 4, 49.39, 197.56);
INSERT INTO DetalleVenta (DetalleID, VentaID, ProductoID, Cantidad, PrecioVenta, Subtotal) VALUES (304, 97, 59, 4, 40.02, 160.08);
INSERT INTO DetalleVenta (DetalleID, VentaID, ProductoID, Cantidad, PrecioVenta, Subtotal) VALUES (305, 97, 45, 4, 42.47, 169.88);
UPDATE Venta SET Total = 564.42 WHERE VentaID = 97;
INSERT INTO Venta (VentaID, Fecha, Total, ClienteID, UsuarioID) VALUES (98, '2025-03-24', 0, 36, 2);
INSERT INTO DetalleVenta (DetalleID, VentaID, ProductoID, Cantidad, PrecioVenta, Subtotal) VALUES (306, 98, 50, 5, 9.35, 46.75);
INSERT INTO DetalleVenta (DetalleID, VentaID, ProductoID, Cantidad, PrecioVenta, Subtotal) VALUES (307, 98, 25, 2, 20.64, 41.28);
INSERT INTO DetalleVenta (DetalleID, VentaID, ProductoID, Cantidad, PrecioVenta, Subtotal) VALUES (308, 98, 34, 2, 21.63, 43.26);
INSERT INTO DetalleVenta (DetalleID, VentaID, ProductoID, Cantidad, PrecioVenta, Subtotal) VALUES (309, 98, 39, 1, 47.35, 47.35);
INSERT INTO DetalleVenta (DetalleID, VentaID, ProductoID, Cantidad, PrecioVenta, Subtotal) VALUES (310, 98, 13, 5, 26.74, 133.7);
UPDATE Venta SET Total = 312.34 WHERE VentaID = 98;
INSERT INTO Venta (VentaID, Fecha, Total, ClienteID, UsuarioID) VALUES (99, '2025-03-21', 0, 21, 4);
INSERT INTO DetalleVenta (DetalleID, VentaID, ProductoID, Cantidad, PrecioVenta, Subtotal) VALUES (311, 99, 30, 2, 29.14, 58.28);
INSERT INTO DetalleVenta (DetalleID, VentaID, ProductoID, Cantidad, PrecioVenta, Subtotal) VALUES (312, 99, 20, 4, 34.61, 138.44);
INSERT INTO DetalleVenta (DetalleID, VentaID, ProductoID, Cantidad, PrecioVenta, Subtotal) VALUES (313, 99, 78, 1, 28.33, 28.33);
INSERT INTO DetalleVenta (DetalleID, VentaID, ProductoID, Cantidad, PrecioVenta, Subtotal) VALUES (314, 99, 26, 3, 30.83, 92.49);
INSERT INTO DetalleVenta (DetalleID, VentaID, ProductoID, Cantidad, PrecioVenta, Subtotal) VALUES (315, 99, 51, 5, 44.72, 223.6);
UPDATE Venta SET Total = 541.14 WHERE VentaID = 99;
INSERT INTO Venta (VentaID, Fecha, Total, ClienteID, UsuarioID) VALUES (100, '2025-03-23', 0, 18, 4);
INSERT INTO DetalleVenta (DetalleID, VentaID, ProductoID, Cantidad, PrecioVenta, Subtotal) VALUES (316, 100, 8, 4, 47.81, 191.24);
INSERT INTO DetalleVenta (DetalleID, VentaID, ProductoID, Cantidad, PrecioVenta, Subtotal) VALUES (317, 100, 66, 2, 44.26, 88.52);
INSERT INTO DetalleVenta (DetalleID, VentaID, ProductoID, Cantidad, PrecioVenta, Subtotal) VALUES (318, 100, 18, 4, 21.11, 84.44);
INSERT INTO DetalleVenta (DetalleID, VentaID, ProductoID, Cantidad, PrecioVenta, Subtotal) VALUES (319, 100, 44, 4, 44.15, 176.6);
UPDATE Venta SET Total = 540.8 WHERE VentaID = 100;
INSERT INTO Venta (VentaID, Fecha, Total, ClienteID, UsuarioID) VALUES (101, '2025-03-24', 0, 51, 5);
INSERT INTO DetalleVenta (DetalleID, VentaID, ProductoID, Cantidad, PrecioVenta, Subtotal) VALUES (320, 101, 74, 1, 24.29, 24.29);
INSERT INTO DetalleVenta (DetalleID, VentaID, ProductoID, Cantidad, PrecioVenta, Subtotal) VALUES (321, 101, 64, 5, 44.76, 223.8);
INSERT INTO DetalleVenta (DetalleID, VentaID, ProductoID, Cantidad, PrecioVenta, Subtotal) VALUES (322, 101, 53, 5, 47.85, 239.25);
UPDATE Venta SET Total = 487.34 WHERE VentaID = 101;
INSERT INTO Venta (VentaID, Fecha, Total, ClienteID, UsuarioID) VALUES (102, '2025-03-14', 0, 1, 5);
INSERT INTO DetalleVenta (DetalleID, VentaID, ProductoID, Cantidad, PrecioVenta, Subtotal) VALUES (323, 102, 70, 4, 13.62, 54.48);
INSERT INTO DetalleVenta (DetalleID, VentaID, ProductoID, Cantidad, PrecioVenta, Subtotal) VALUES (324, 102, 71, 1, 30.5, 30.5);
INSERT INTO DetalleVenta (DetalleID, VentaID, ProductoID, Cantidad, PrecioVenta, Subtotal) VALUES (325, 102, 11, 5, 26.15, 130.75);
INSERT INTO DetalleVenta (DetalleID, VentaID, ProductoID, Cantidad, PrecioVenta, Subtotal) VALUES (326, 102, 64, 4, 44.76, 179.04);
UPDATE Venta SET Total = 394.77 WHERE VentaID = 102;
INSERT INTO Venta (VentaID, Fecha, Total, ClienteID, UsuarioID) VALUES (103, '2025-03-23', 0, 15, 5);
INSERT INTO DetalleVenta (DetalleID, VentaID, ProductoID, Cantidad, PrecioVenta, Subtotal) VALUES (327, 103, 52, 2, 46.86, 93.72);
INSERT INTO DetalleVenta (DetalleID, VentaID, ProductoID, Cantidad, PrecioVenta, Subtotal) VALUES (328, 103, 22, 1, 6.19, 6.19);
INSERT INTO DetalleVenta (DetalleID, VentaID, ProductoID, Cantidad, PrecioVenta, Subtotal) VALUES (329, 103, 16, 1, 31.04, 31.04);
INSERT INTO DetalleVenta (DetalleID, VentaID, ProductoID, Cantidad, PrecioVenta, Subtotal) VALUES (330, 103, 25, 5, 20.64, 103.2);
INSERT INTO DetalleVenta (DetalleID, VentaID, ProductoID, Cantidad, PrecioVenta, Subtotal) VALUES (331, 103, 61, 2, 23.52, 47.04);
UPDATE Venta SET Total = 281.19 WHERE VentaID = 103;
INSERT INTO Venta (VentaID, Fecha, Total, ClienteID, UsuarioID) VALUES (104, '2025-03-28', 0, 89, 4);
INSERT INTO DetalleVenta (DetalleID, VentaID, ProductoID, Cantidad, PrecioVenta, Subtotal) VALUES (332, 104, 14, 3, 45.31, 135.93);
INSERT INTO DetalleVenta (DetalleID, VentaID, ProductoID, Cantidad, PrecioVenta, Subtotal) VALUES (333, 104, 38, 3, 12.3, 36.9);
INSERT INTO DetalleVenta (DetalleID, VentaID, ProductoID, Cantidad, PrecioVenta, Subtotal) VALUES (334, 104, 31, 5, 4.6, 23.0);
INSERT INTO DetalleVenta (DetalleID, VentaID, ProductoID, Cantidad, PrecioVenta, Subtotal) VALUES (335, 104, 5, 2, 28.89, 57.78);
INSERT INTO DetalleVenta (DetalleID, VentaID, ProductoID, Cantidad, PrecioVenta, Subtotal) VALUES (336, 104, 11, 4, 26.15, 104.6);
UPDATE Venta SET Total = 358.21 WHERE VentaID = 104;
INSERT INTO Venta (VentaID, Fecha, Total, ClienteID, UsuarioID) VALUES (105, '2025-03-03', 0, 60, 3);
INSERT INTO DetalleVenta (DetalleID, VentaID, ProductoID, Cantidad, PrecioVenta, Subtotal) VALUES (337, 105, 25, 1, 20.64, 20.64);
INSERT INTO DetalleVenta (DetalleID, VentaID, ProductoID, Cantidad, PrecioVenta, Subtotal) VALUES (338, 105, 70, 3, 13.62, 40.86);
UPDATE Venta SET Total = 61.5 WHERE VentaID = 105;
INSERT INTO Venta (VentaID, Fecha, Total, ClienteID, UsuarioID) VALUES (106, '2025-03-03', 0, 50, 4);
INSERT INTO DetalleVenta (DetalleID, VentaID, ProductoID, Cantidad, PrecioVenta, Subtotal) VALUES (339, 106, 42, 1, 42.81, 42.81);
INSERT INTO DetalleVenta (DetalleID, VentaID, ProductoID, Cantidad, PrecioVenta, Subtotal) VALUES (340, 106, 28, 3, 48.97, 146.91);
INSERT INTO DetalleVenta (DetalleID, VentaID, ProductoID, Cantidad, PrecioVenta, Subtotal) VALUES (341, 106, 38, 2, 12.3, 24.6);
INSERT INTO DetalleVenta (DetalleID, VentaID, ProductoID, Cantidad, PrecioVenta, Subtotal) VALUES (342, 106, 41, 1, 26.89, 26.89);
UPDATE Venta SET Total = 241.21 WHERE VentaID = 106;
INSERT INTO Venta (VentaID, Fecha, Total, ClienteID, UsuarioID) VALUES (107, '2025-03-21', 0, 97, 1);
INSERT INTO DetalleVenta (DetalleID, VentaID, ProductoID, Cantidad, PrecioVenta, Subtotal) VALUES (343, 107, 56, 2, 3.82, 7.64);
INSERT INTO DetalleVenta (DetalleID, VentaID, ProductoID, Cantidad, PrecioVenta, Subtotal) VALUES (344, 107, 45, 1, 42.47, 42.47);
INSERT INTO DetalleVenta (DetalleID, VentaID, ProductoID, Cantidad, PrecioVenta, Subtotal) VALUES (345, 107, 61, 2, 23.52, 47.04);
UPDATE Venta SET Total = 97.15 WHERE VentaID = 107;
INSERT INTO Venta (VentaID, Fecha, Total, ClienteID, UsuarioID) VALUES (108, '2025-03-18', 0, 9, 3);
INSERT INTO DetalleVenta (DetalleID, VentaID, ProductoID, Cantidad, PrecioVenta, Subtotal) VALUES (346, 108, 48, 1, 15.09, 15.09);
INSERT INTO DetalleVenta (DetalleID, VentaID, ProductoID, Cantidad, PrecioVenta, Subtotal) VALUES (347, 108, 20, 2, 34.61, 69.22);
INSERT INTO DetalleVenta (DetalleID, VentaID, ProductoID, Cantidad, PrecioVenta, Subtotal) VALUES (348, 108, 78, 1, 28.33, 28.33);
INSERT INTO DetalleVenta (DetalleID, VentaID, ProductoID, Cantidad, PrecioVenta, Subtotal) VALUES (349, 108, 13, 5, 26.74, 133.7);
UPDATE Venta SET Total = 246.34 WHERE VentaID = 108;
INSERT INTO Venta (VentaID, Fecha, Total, ClienteID, UsuarioID) VALUES (109, '2025-03-16', 0, 12, 4);
INSERT INTO DetalleVenta (DetalleID, VentaID, ProductoID, Cantidad, PrecioVenta, Subtotal) VALUES (350, 109, 72, 3, 30.72, 92.16);
INSERT INTO DetalleVenta (DetalleID, VentaID, ProductoID, Cantidad, PrecioVenta, Subtotal) VALUES (351, 109, 31, 4, 4.6, 18.4);
INSERT INTO DetalleVenta (DetalleID, VentaID, ProductoID, Cantidad, PrecioVenta, Subtotal) VALUES (352, 109, 24, 4, 36.56, 146.24);
INSERT INTO DetalleVenta (DetalleID, VentaID, ProductoID, Cantidad, PrecioVenta, Subtotal) VALUES (353, 109, 3, 5, 1.75, 8.75);
INSERT INTO DetalleVenta (DetalleID, VentaID, ProductoID, Cantidad, PrecioVenta, Subtotal) VALUES (354, 109, 9, 4, 11.09, 44.36);
UPDATE Venta SET Total = 309.91 WHERE VentaID = 109;
INSERT INTO Venta (VentaID, Fecha, Total, ClienteID, UsuarioID) VALUES (110, '2025-03-01', 0, 52, 2);
INSERT INTO DetalleVenta (DetalleID, VentaID, ProductoID, Cantidad, PrecioVenta, Subtotal) VALUES (355, 110, 51, 3, 44.72, 134.16);
INSERT INTO DetalleVenta (DetalleID, VentaID, ProductoID, Cantidad, PrecioVenta, Subtotal) VALUES (356, 110, 21, 5, 25.69, 128.45);
INSERT INTO DetalleVenta (DetalleID, VentaID, ProductoID, Cantidad, PrecioVenta, Subtotal) VALUES (357, 110, 19, 4, 48.63, 194.52);
INSERT INTO DetalleVenta (DetalleID, VentaID, ProductoID, Cantidad, PrecioVenta, Subtotal) VALUES (358, 110, 31, 4, 4.6, 18.4);
INSERT INTO DetalleVenta (DetalleID, VentaID, ProductoID, Cantidad, PrecioVenta, Subtotal) VALUES (359, 110, 47, 3, 42.3, 126.9);
UPDATE Venta SET Total = 602.43 WHERE VentaID = 110;
INSERT INTO Venta (VentaID, Fecha, Total, ClienteID, UsuarioID) VALUES (111, '2025-03-09', 0, 76, 5);
INSERT INTO DetalleVenta (DetalleID, VentaID, ProductoID, Cantidad, PrecioVenta, Subtotal) VALUES (360, 111, 4, 5, 7.65, 38.25);
INSERT INTO DetalleVenta (DetalleID, VentaID, ProductoID, Cantidad, PrecioVenta, Subtotal) VALUES (361, 111, 58, 1, 24.66, 24.66);
INSERT INTO DetalleVenta (DetalleID, VentaID, ProductoID, Cantidad, PrecioVenta, Subtotal) VALUES (362, 111, 37, 1, 35.44, 35.44);
UPDATE Venta SET Total = 98.35 WHERE VentaID = 111;
INSERT INTO Venta (VentaID, Fecha, Total, ClienteID, UsuarioID) VALUES (112, '2025-03-08', 0, 1, 2);
INSERT INTO DetalleVenta (DetalleID, VentaID, ProductoID, Cantidad, PrecioVenta, Subtotal) VALUES (363, 112, 23, 5, 48.44, 242.2);
INSERT INTO DetalleVenta (DetalleID, VentaID, ProductoID, Cantidad, PrecioVenta, Subtotal) VALUES (364, 112, 61, 4, 23.52, 94.08);
UPDATE Venta SET Total = 336.28 WHERE VentaID = 112;
INSERT INTO Venta (VentaID, Fecha, Total, ClienteID, UsuarioID) VALUES (113, '2025-03-12', 0, 29, 3);
INSERT INTO DetalleVenta (DetalleID, VentaID, ProductoID, Cantidad, PrecioVenta, Subtotal) VALUES (365, 113, 66, 4, 44.26, 177.04);
INSERT INTO DetalleVenta (DetalleID, VentaID, ProductoID, Cantidad, PrecioVenta, Subtotal) VALUES (366, 113, 80, 3, 23.7, 71.1);
UPDATE Venta SET Total = 248.14 WHERE VentaID = 113;
INSERT INTO Venta (VentaID, Fecha, Total, ClienteID, UsuarioID) VALUES (114, '2025-03-12', 0, 96, 4);
INSERT INTO DetalleVenta (DetalleID, VentaID, ProductoID, Cantidad, PrecioVenta, Subtotal) VALUES (367, 114, 21, 5, 25.69, 128.45);
INSERT INTO DetalleVenta (DetalleID, VentaID, ProductoID, Cantidad, PrecioVenta, Subtotal) VALUES (368, 114, 68, 4, 7.93, 31.72);
INSERT INTO DetalleVenta (DetalleID, VentaID, ProductoID, Cantidad, PrecioVenta, Subtotal) VALUES (369, 114, 16, 3, 31.04, 93.12);
INSERT INTO DetalleVenta (DetalleID, VentaID, ProductoID, Cantidad, PrecioVenta, Subtotal) VALUES (370, 114, 27, 2, 7.89, 15.78);
INSERT INTO DetalleVenta (DetalleID, VentaID, ProductoID, Cantidad, PrecioVenta, Subtotal) VALUES (371, 114, 72, 1, 30.72, 30.72);
UPDATE Venta SET Total = 299.79 WHERE VentaID = 114;
INSERT INTO Venta (VentaID, Fecha, Total, ClienteID, UsuarioID) VALUES (115, '2025-03-25', 0, 31, 5);
INSERT INTO DetalleVenta (DetalleID, VentaID, ProductoID, Cantidad, PrecioVenta, Subtotal) VALUES (372, 115, 79, 2, 49.66, 99.32);
INSERT INTO DetalleVenta (DetalleID, VentaID, ProductoID, Cantidad, PrecioVenta, Subtotal) VALUES (373, 115, 68, 5, 7.93, 39.65);
INSERT INTO DetalleVenta (DetalleID, VentaID, ProductoID, Cantidad, PrecioVenta, Subtotal) VALUES (374, 115, 38, 5, 12.3, 61.5);
INSERT INTO DetalleVenta (DetalleID, VentaID, ProductoID, Cantidad, PrecioVenta, Subtotal) VALUES (375, 115, 60, 4, 3.05, 12.2);
INSERT INTO DetalleVenta (DetalleID, VentaID, ProductoID, Cantidad, PrecioVenta, Subtotal) VALUES (376, 115, 64, 2, 44.76, 89.52);
UPDATE Venta SET Total = 302.19 WHERE VentaID = 115;
INSERT INTO Venta (VentaID, Fecha, Total, ClienteID, UsuarioID) VALUES (116, '2025-03-01', 0, 15, 4);
INSERT INTO DetalleVenta (DetalleID, VentaID, ProductoID, Cantidad, PrecioVenta, Subtotal) VALUES (377, 116, 10, 3, 44.99, 134.97);
INSERT INTO DetalleVenta (DetalleID, VentaID, ProductoID, Cantidad, PrecioVenta, Subtotal) VALUES (378, 116, 30, 3, 29.14, 87.42);
UPDATE Venta SET Total = 222.39 WHERE VentaID = 116;
INSERT INTO Venta (VentaID, Fecha, Total, ClienteID, UsuarioID) VALUES (117, '2025-03-27', 0, 20, 3);
INSERT INTO DetalleVenta (DetalleID, VentaID, ProductoID, Cantidad, PrecioVenta, Subtotal) VALUES (379, 117, 74, 3, 24.29, 72.87);
INSERT INTO DetalleVenta (DetalleID, VentaID, ProductoID, Cantidad, PrecioVenta, Subtotal) VALUES (380, 117, 29, 3, 45.87, 137.61);
UPDATE Venta SET Total = 210.48 WHERE VentaID = 117;
INSERT INTO Venta (VentaID, Fecha, Total, ClienteID, UsuarioID) VALUES (118, '2025-03-13', 0, 90, 1);
INSERT INTO DetalleVenta (DetalleID, VentaID, ProductoID, Cantidad, PrecioVenta, Subtotal) VALUES (381, 118, 48, 4, 15.09, 60.36);
INSERT INTO DetalleVenta (DetalleID, VentaID, ProductoID, Cantidad, PrecioVenta, Subtotal) VALUES (382, 118, 72, 5, 30.72, 153.6);
UPDATE Venta SET Total = 213.96 WHERE VentaID = 118;
INSERT INTO Venta (VentaID, Fecha, Total, ClienteID, UsuarioID) VALUES (119, '2025-03-27', 0, 76, 4);
INSERT INTO DetalleVenta (DetalleID, VentaID, ProductoID, Cantidad, PrecioVenta, Subtotal) VALUES (383, 119, 72, 3, 30.72, 92.16);
INSERT INTO DetalleVenta (DetalleID, VentaID, ProductoID, Cantidad, PrecioVenta, Subtotal) VALUES (384, 119, 42, 3, 42.81, 128.43);
INSERT INTO DetalleVenta (DetalleID, VentaID, ProductoID, Cantidad, PrecioVenta, Subtotal) VALUES (385, 119, 44, 4, 44.15, 176.6);
INSERT INTO DetalleVenta (DetalleID, VentaID, ProductoID, Cantidad, PrecioVenta, Subtotal) VALUES (386, 119, 57, 1, 49.39, 49.39);
INSERT INTO DetalleVenta (DetalleID, VentaID, ProductoID, Cantidad, PrecioVenta, Subtotal) VALUES (387, 119, 22, 3, 6.19, 18.57);
UPDATE Venta SET Total = 465.15 WHERE VentaID = 119;
INSERT INTO Venta (VentaID, Fecha, Total, ClienteID, UsuarioID) VALUES (120, '2025-03-02', 0, 30, 2);
INSERT INTO DetalleVenta (DetalleID, VentaID, ProductoID, Cantidad, PrecioVenta, Subtotal) VALUES (388, 120, 24, 5, 36.56, 182.8);
INSERT INTO DetalleVenta (DetalleID, VentaID, ProductoID, Cantidad, PrecioVenta, Subtotal) VALUES (389, 120, 18, 5, 21.11, 105.55);
INSERT INTO DetalleVenta (DetalleID, VentaID, ProductoID, Cantidad, PrecioVenta, Subtotal) VALUES (390, 120, 66, 4, 44.26, 177.04);
UPDATE Venta SET Total = 465.39 WHERE VentaID = 120;
INSERT INTO Venta (VentaID, Fecha, Total, ClienteID, UsuarioID) VALUES (121, '2025-02-08', 0, 44, 5);
INSERT INTO DetalleVenta (DetalleID, VentaID, ProductoID, Cantidad, PrecioVenta, Subtotal) VALUES (391, 121, 7, 3, 22.31, 66.93);
INSERT INTO DetalleVenta (DetalleID, VentaID, ProductoID, Cantidad, PrecioVenta, Subtotal) VALUES (392, 121, 27, 2, 7.89, 15.78);
INSERT INTO DetalleVenta (DetalleID, VentaID, ProductoID, Cantidad, PrecioVenta, Subtotal) VALUES (393, 121, 67, 4, 45.11, 180.44);
INSERT INTO DetalleVenta (DetalleID, VentaID, ProductoID, Cantidad, PrecioVenta, Subtotal) VALUES (394, 121, 72, 4, 30.72, 122.88);
INSERT INTO DetalleVenta (DetalleID, VentaID, ProductoID, Cantidad, PrecioVenta, Subtotal) VALUES (395, 121, 25, 3, 20.64, 61.92);
UPDATE Venta SET Total = 447.95 WHERE VentaID = 121;
INSERT INTO Venta (VentaID, Fecha, Total, ClienteID, UsuarioID) VALUES (122, '2025-02-25', 0, 21, 3);
INSERT INTO DetalleVenta (DetalleID, VentaID, ProductoID, Cantidad, PrecioVenta, Subtotal) VALUES (396, 122, 11, 3, 26.15, 78.45);
INSERT INTO DetalleVenta (DetalleID, VentaID, ProductoID, Cantidad, PrecioVenta, Subtotal) VALUES (397, 122, 31, 3, 4.6, 13.8);
INSERT INTO DetalleVenta (DetalleID, VentaID, ProductoID, Cantidad, PrecioVenta, Subtotal) VALUES (398, 122, 72, 4, 30.72, 122.88);
INSERT INTO DetalleVenta (DetalleID, VentaID, ProductoID, Cantidad, PrecioVenta, Subtotal) VALUES (399, 122, 37, 3, 35.44, 106.32);
INSERT INTO DetalleVenta (DetalleID, VentaID, ProductoID, Cantidad, PrecioVenta, Subtotal) VALUES (400, 122, 52, 4, 46.86, 187.44);
UPDATE Venta SET Total = 508.89 WHERE VentaID = 122;
INSERT INTO Venta (VentaID, Fecha, Total, ClienteID, UsuarioID) VALUES (123, '2025-02-06', 0, 64, 5);
INSERT INTO DetalleVenta (DetalleID, VentaID, ProductoID, Cantidad, PrecioVenta, Subtotal) VALUES (401, 123, 69, 5, 22.5, 112.5);
INSERT INTO DetalleVenta (DetalleID, VentaID, ProductoID, Cantidad, PrecioVenta, Subtotal) VALUES (402, 123, 19, 4, 48.63, 194.52);
INSERT INTO DetalleVenta (DetalleID, VentaID, ProductoID, Cantidad, PrecioVenta, Subtotal) VALUES (403, 123, 27, 2, 7.89, 15.78);
INSERT INTO DetalleVenta (DetalleID, VentaID, ProductoID, Cantidad, PrecioVenta, Subtotal) VALUES (404, 123, 44, 1, 44.15, 44.15);
UPDATE Venta SET Total = 366.95 WHERE VentaID = 123;
INSERT INTO Venta (VentaID, Fecha, Total, ClienteID, UsuarioID) VALUES (124, '2025-02-07', 0, 83, 5);
INSERT INTO DetalleVenta (DetalleID, VentaID, ProductoID, Cantidad, PrecioVenta, Subtotal) VALUES (405, 124, 12, 5, 16.32, 81.6);
INSERT INTO DetalleVenta (DetalleID, VentaID, ProductoID, Cantidad, PrecioVenta, Subtotal) VALUES (406, 124, 39, 2, 47.35, 94.7);
INSERT INTO DetalleVenta (DetalleID, VentaID, ProductoID, Cantidad, PrecioVenta, Subtotal) VALUES (407, 124, 51, 3, 44.72, 134.16);
INSERT INTO DetalleVenta (DetalleID, VentaID, ProductoID, Cantidad, PrecioVenta, Subtotal) VALUES (408, 124, 66, 4, 44.26, 177.04);
UPDATE Venta SET Total = 487.5 WHERE VentaID = 124;
INSERT INTO Venta (VentaID, Fecha, Total, ClienteID, UsuarioID) VALUES (125, '2025-02-10', 0, 2, 5);
INSERT INTO DetalleVenta (DetalleID, VentaID, ProductoID, Cantidad, PrecioVenta, Subtotal) VALUES (409, 125, 76, 3, 18.88, 56.64);
INSERT INTO DetalleVenta (DetalleID, VentaID, ProductoID, Cantidad, PrecioVenta, Subtotal) VALUES (410, 125, 7, 2, 22.31, 44.62);
INSERT INTO DetalleVenta (DetalleID, VentaID, ProductoID, Cantidad, PrecioVenta, Subtotal) VALUES (411, 125, 47, 1, 42.3, 42.3);
INSERT INTO DetalleVenta (DetalleID, VentaID, ProductoID, Cantidad, PrecioVenta, Subtotal) VALUES (412, 125, 58, 2, 24.66, 49.32);
UPDATE Venta SET Total = 192.88 WHERE VentaID = 125;
INSERT INTO Venta (VentaID, Fecha, Total, ClienteID, UsuarioID) VALUES (126, '2025-02-18', 0, 65, 5);
INSERT INTO DetalleVenta (DetalleID, VentaID, ProductoID, Cantidad, PrecioVenta, Subtotal) VALUES (413, 126, 79, 1, 49.66, 49.66);
INSERT INTO DetalleVenta (DetalleID, VentaID, ProductoID, Cantidad, PrecioVenta, Subtotal) VALUES (414, 126, 46, 4, 22.38, 89.52);
INSERT INTO DetalleVenta (DetalleID, VentaID, ProductoID, Cantidad, PrecioVenta, Subtotal) VALUES (415, 126, 7, 3, 22.31, 66.93);
UPDATE Venta SET Total = 206.11 WHERE VentaID = 126;
INSERT INTO Venta (VentaID, Fecha, Total, ClienteID, UsuarioID) VALUES (127, '2025-02-18', 0, 31, 3);
INSERT INTO DetalleVenta (DetalleID, VentaID, ProductoID, Cantidad, PrecioVenta, Subtotal) VALUES (416, 127, 14, 4, 45.31, 181.24);
INSERT INTO DetalleVenta (DetalleID, VentaID, ProductoID, Cantidad, PrecioVenta, Subtotal) VALUES (417, 127, 45, 2, 42.47, 84.94);
INSERT INTO DetalleVenta (DetalleID, VentaID, ProductoID, Cantidad, PrecioVenta, Subtotal) VALUES (418, 127, 48, 4, 15.09, 60.36);
INSERT INTO DetalleVenta (DetalleID, VentaID, ProductoID, Cantidad, PrecioVenta, Subtotal) VALUES (419, 127, 50, 2, 9.35, 18.7);
INSERT INTO DetalleVenta (DetalleID, VentaID, ProductoID, Cantidad, PrecioVenta, Subtotal) VALUES (420, 127, 18, 5, 21.11, 105.55);
UPDATE Venta SET Total = 450.79 WHERE VentaID = 127;
INSERT INTO Venta (VentaID, Fecha, Total, ClienteID, UsuarioID) VALUES (128, '2025-02-05', 0, 87, 5);
INSERT INTO DetalleVenta (DetalleID, VentaID, ProductoID, Cantidad, PrecioVenta, Subtotal) VALUES (421, 128, 10, 2, 44.99, 89.98);
INSERT INTO DetalleVenta (DetalleID, VentaID, ProductoID, Cantidad, PrecioVenta, Subtotal) VALUES (422, 128, 38, 3, 12.3, 36.9);
INSERT INTO DetalleVenta (DetalleID, VentaID, ProductoID, Cantidad, PrecioVenta, Subtotal) VALUES (423, 128, 6, 4, 12.11, 48.44);
UPDATE Venta SET Total = 175.32 WHERE VentaID = 128;
INSERT INTO Venta (VentaID, Fecha, Total, ClienteID, UsuarioID) VALUES (129, '2025-02-26', 0, 88, 4);
INSERT INTO DetalleVenta (DetalleID, VentaID, ProductoID, Cantidad, PrecioVenta, Subtotal) VALUES (424, 129, 25, 4, 20.64, 82.56);
INSERT INTO DetalleVenta (DetalleID, VentaID, ProductoID, Cantidad, PrecioVenta, Subtotal) VALUES (425, 129, 4, 2, 7.65, 15.3);
INSERT INTO DetalleVenta (DetalleID, VentaID, ProductoID, Cantidad, PrecioVenta, Subtotal) VALUES (426, 129, 16, 2, 31.04, 62.08);
INSERT INTO DetalleVenta (DetalleID, VentaID, ProductoID, Cantidad, PrecioVenta, Subtotal) VALUES (427, 129, 68, 5, 7.93, 39.65);
UPDATE Venta SET Total = 199.59 WHERE VentaID = 129;
INSERT INTO Venta (VentaID, Fecha, Total, ClienteID, UsuarioID) VALUES (130, '2025-02-06', 0, 49, 5);
INSERT INTO DetalleVenta (DetalleID, VentaID, ProductoID, Cantidad, PrecioVenta, Subtotal) VALUES (428, 130, 31, 5, 4.6, 23.0);
INSERT INTO DetalleVenta (DetalleID, VentaID, ProductoID, Cantidad, PrecioVenta, Subtotal) VALUES (429, 130, 19, 3, 48.63, 145.89);
UPDATE Venta SET Total = 168.89 WHERE VentaID = 130;
INSERT INTO Venta (VentaID, Fecha, Total, ClienteID, UsuarioID) VALUES (131, '2025-02-04', 0, 35, 5);
INSERT INTO DetalleVenta (DetalleID, VentaID, ProductoID, Cantidad, PrecioVenta, Subtotal) VALUES (430, 131, 69, 1, 22.5, 22.5);
INSERT INTO DetalleVenta (DetalleID, VentaID, ProductoID, Cantidad, PrecioVenta, Subtotal) VALUES (431, 131, 72, 1, 30.72, 30.72);
UPDATE Venta SET Total = 53.22 WHERE VentaID = 131;
INSERT INTO Venta (VentaID, Fecha, Total, ClienteID, UsuarioID) VALUES (132, '2025-02-20', 0, 34, 4);
INSERT INTO DetalleVenta (DetalleID, VentaID, ProductoID, Cantidad, PrecioVenta, Subtotal) VALUES (432, 132, 17, 5, 29.86, 149.3);
INSERT INTO DetalleVenta (DetalleID, VentaID, ProductoID, Cantidad, PrecioVenta, Subtotal) VALUES (433, 132, 72, 4, 30.72, 122.88);
UPDATE Venta SET Total = 272.18 WHERE VentaID = 132;
INSERT INTO Venta (VentaID, Fecha, Total, ClienteID, UsuarioID) VALUES (133, '2025-02-27', 0, 96, 5);
INSERT INTO DetalleVenta (DetalleID, VentaID, ProductoID, Cantidad, PrecioVenta, Subtotal) VALUES (434, 133, 46, 4, 22.38, 89.52);
INSERT INTO DetalleVenta (DetalleID, VentaID, ProductoID, Cantidad, PrecioVenta, Subtotal) VALUES (435, 133, 23, 4, 48.44, 193.76);
INSERT INTO DetalleVenta (DetalleID, VentaID, ProductoID, Cantidad, PrecioVenta, Subtotal) VALUES (436, 133, 73, 1, 30.5, 30.5);
UPDATE Venta SET Total = 313.78 WHERE VentaID = 133;
INSERT INTO Venta (VentaID, Fecha, Total, ClienteID, UsuarioID) VALUES (134, '2025-02-28', 0, 68, 5);
INSERT INTO DetalleVenta (DetalleID, VentaID, ProductoID, Cantidad, PrecioVenta, Subtotal) VALUES (437, 134, 55, 4, 35.02, 140.08);
INSERT INTO DetalleVenta (DetalleID, VentaID, ProductoID, Cantidad, PrecioVenta, Subtotal) VALUES (438, 134, 50, 1, 9.35, 9.35);
INSERT INTO DetalleVenta (DetalleID, VentaID, ProductoID, Cantidad, PrecioVenta, Subtotal) VALUES (439, 134, 62, 5, 19.02, 95.1);
UPDATE Venta SET Total = 244.53 WHERE VentaID = 134;
INSERT INTO Venta (VentaID, Fecha, Total, ClienteID, UsuarioID) VALUES (135, '2025-02-13', 0, 28, 4);
INSERT INTO DetalleVenta (DetalleID, VentaID, ProductoID, Cantidad, PrecioVenta, Subtotal) VALUES (440, 135, 21, 1, 25.69, 25.69);
INSERT INTO DetalleVenta (DetalleID, VentaID, ProductoID, Cantidad, PrecioVenta, Subtotal) VALUES (441, 135, 66, 1, 44.26, 44.26);
UPDATE Venta SET Total = 69.95 WHERE VentaID = 135;
INSERT INTO Venta (VentaID, Fecha, Total, ClienteID, UsuarioID) VALUES (136, '2025-02-26', 0, 15, 4);
INSERT INTO DetalleVenta (DetalleID, VentaID, ProductoID, Cantidad, PrecioVenta, Subtotal) VALUES (442, 136, 32, 5, 33.44, 167.2);
INSERT INTO DetalleVenta (DetalleID, VentaID, ProductoID, Cantidad, PrecioVenta, Subtotal) VALUES (443, 136, 2, 1, 38.88, 38.88);
INSERT INTO DetalleVenta (DetalleID, VentaID, ProductoID, Cantidad, PrecioVenta, Subtotal) VALUES (444, 136, 45, 5, 42.47, 212.35);
INSERT INTO DetalleVenta (DetalleID, VentaID, ProductoID, Cantidad, PrecioVenta, Subtotal) VALUES (445, 136, 63, 3, 23.23, 69.69);
UPDATE Venta SET Total = 488.12 WHERE VentaID = 136;
INSERT INTO Venta (VentaID, Fecha, Total, ClienteID, UsuarioID) VALUES (137, '2025-02-27', 0, 28, 2);
INSERT INTO DetalleVenta (DetalleID, VentaID, ProductoID, Cantidad, PrecioVenta, Subtotal) VALUES (446, 137, 78, 4, 28.33, 113.32);
INSERT INTO DetalleVenta (DetalleID, VentaID, ProductoID, Cantidad, PrecioVenta, Subtotal) VALUES (447, 137, 50, 3, 9.35, 28.05);
INSERT INTO DetalleVenta (DetalleID, VentaID, ProductoID, Cantidad, PrecioVenta, Subtotal) VALUES (448, 137, 27, 1, 7.89, 7.89);
INSERT INTO DetalleVenta (DetalleID, VentaID, ProductoID, Cantidad, PrecioVenta, Subtotal) VALUES (449, 137, 28, 2, 48.97, 97.94);
UPDATE Venta SET Total = 247.2 WHERE VentaID = 137;
INSERT INTO Venta (VentaID, Fecha, Total, ClienteID, UsuarioID) VALUES (138, '2025-02-03', 0, 71, 5);
INSERT INTO DetalleVenta (DetalleID, VentaID, ProductoID, Cantidad, PrecioVenta, Subtotal) VALUES (450, 138, 59, 4, 40.02, 160.08);
INSERT INTO DetalleVenta (DetalleID, VentaID, ProductoID, Cantidad, PrecioVenta, Subtotal) VALUES (451, 138, 69, 3, 22.5, 67.5);
INSERT INTO DetalleVenta (DetalleID, VentaID, ProductoID, Cantidad, PrecioVenta, Subtotal) VALUES (452, 138, 35, 3, 43.04, 129.12);
INSERT INTO DetalleVenta (DetalleID, VentaID, ProductoID, Cantidad, PrecioVenta, Subtotal) VALUES (453, 138, 66, 1, 44.26, 44.26);
INSERT INTO DetalleVenta (DetalleID, VentaID, ProductoID, Cantidad, PrecioVenta, Subtotal) VALUES (454, 138, 25, 1, 20.64, 20.64);
UPDATE Venta SET Total = 421.6 WHERE VentaID = 138;
INSERT INTO Venta (VentaID, Fecha, Total, ClienteID, UsuarioID) VALUES (139, '2025-02-09', 0, 13, 1);
INSERT INTO DetalleVenta (DetalleID, VentaID, ProductoID, Cantidad, PrecioVenta, Subtotal) VALUES (455, 139, 64, 1, 44.76, 44.76);
INSERT INTO DetalleVenta (DetalleID, VentaID, ProductoID, Cantidad, PrecioVenta, Subtotal) VALUES (456, 139, 6, 2, 12.11, 24.22);
INSERT INTO DetalleVenta (DetalleID, VentaID, ProductoID, Cantidad, PrecioVenta, Subtotal) VALUES (457, 139, 32, 5, 33.44, 167.2);
UPDATE Venta SET Total = 236.18 WHERE VentaID = 139;
INSERT INTO Venta (VentaID, Fecha, Total, ClienteID, UsuarioID) VALUES (140, '2025-02-10', 0, 47, 3);
INSERT INTO DetalleVenta (DetalleID, VentaID, ProductoID, Cantidad, PrecioVenta, Subtotal) VALUES (458, 140, 30, 4, 29.14, 116.56);
INSERT INTO DetalleVenta (DetalleID, VentaID, ProductoID, Cantidad, PrecioVenta, Subtotal) VALUES (459, 140, 49, 3, 19.43, 58.29);
INSERT INTO DetalleVenta (DetalleID, VentaID, ProductoID, Cantidad, PrecioVenta, Subtotal) VALUES (460, 140, 40, 3, 47.42, 142.26);
INSERT INTO DetalleVenta (DetalleID, VentaID, ProductoID, Cantidad, PrecioVenta, Subtotal) VALUES (461, 140, 64, 2, 44.76, 89.52);
INSERT INTO DetalleVenta (DetalleID, VentaID, ProductoID, Cantidad, PrecioVenta, Subtotal) VALUES (462, 140, 18, 5, 21.11, 105.55);
UPDATE Venta SET Total = 512.18 WHERE VentaID = 140;
INSERT INTO Venta (VentaID, Fecha, Total, ClienteID, UsuarioID) VALUES (141, '2025-02-23', 0, 17, 3);
INSERT INTO DetalleVenta (DetalleID, VentaID, ProductoID, Cantidad, PrecioVenta, Subtotal) VALUES (463, 141, 14, 2, 45.31, 90.62);
INSERT INTO DetalleVenta (DetalleID, VentaID, ProductoID, Cantidad, PrecioVenta, Subtotal) VALUES (464, 141, 76, 5, 18.88, 94.4);
INSERT INTO DetalleVenta (DetalleID, VentaID, ProductoID, Cantidad, PrecioVenta, Subtotal) VALUES (465, 141, 25, 3, 20.64, 61.92);
UPDATE Venta SET Total = 246.94 WHERE VentaID = 141;
INSERT INTO Venta (VentaID, Fecha, Total, ClienteID, UsuarioID) VALUES (142, '2025-02-15', 0, 80, 5);
INSERT INTO DetalleVenta (DetalleID, VentaID, ProductoID, Cantidad, PrecioVenta, Subtotal) VALUES (466, 142, 56, 5, 3.82, 19.1);
INSERT INTO DetalleVenta (DetalleID, VentaID, ProductoID, Cantidad, PrecioVenta, Subtotal) VALUES (467, 142, 54, 4, 42.04, 168.16);
INSERT INTO DetalleVenta (DetalleID, VentaID, ProductoID, Cantidad, PrecioVenta, Subtotal) VALUES (468, 142, 19, 2, 48.63, 97.26);
INSERT INTO DetalleVenta (DetalleID, VentaID, ProductoID, Cantidad, PrecioVenta, Subtotal) VALUES (469, 142, 11, 3, 26.15, 78.45);
INSERT INTO DetalleVenta (DetalleID, VentaID, ProductoID, Cantidad, PrecioVenta, Subtotal) VALUES (470, 142, 66, 1, 44.26, 44.26);
UPDATE Venta SET Total = 407.23 WHERE VentaID = 142;
INSERT INTO Venta (VentaID, Fecha, Total, ClienteID, UsuarioID) VALUES (143, '2025-02-07', 0, 85, 2);
INSERT INTO DetalleVenta (DetalleID, VentaID, ProductoID, Cantidad, PrecioVenta, Subtotal) VALUES (471, 143, 48, 4, 15.09, 60.36);
INSERT INTO DetalleVenta (DetalleID, VentaID, ProductoID, Cantidad, PrecioVenta, Subtotal) VALUES (472, 143, 23, 5, 48.44, 242.2);
UPDATE Venta SET Total = 302.56 WHERE VentaID = 143;
INSERT INTO Venta (VentaID, Fecha, Total, ClienteID, UsuarioID) VALUES (144, '2025-02-11', 0, 74, 3);
INSERT INTO DetalleVenta (DetalleID, VentaID, ProductoID, Cantidad, PrecioVenta, Subtotal) VALUES (473, 144, 19, 2, 48.63, 97.26);
INSERT INTO DetalleVenta (DetalleID, VentaID, ProductoID, Cantidad, PrecioVenta, Subtotal) VALUES (474, 144, 35, 5, 43.04, 215.2);
INSERT INTO DetalleVenta (DetalleID, VentaID, ProductoID, Cantidad, PrecioVenta, Subtotal) VALUES (475, 144, 13, 1, 26.74, 26.74);
UPDATE Venta SET Total = 339.2 WHERE VentaID = 144;
INSERT INTO Venta (VentaID, Fecha, Total, ClienteID, UsuarioID) VALUES (145, '2025-02-07', 0, 34, 2);
INSERT INTO DetalleVenta (DetalleID, VentaID, ProductoID, Cantidad, PrecioVenta, Subtotal) VALUES (476, 145, 22, 5, 6.19, 30.95);
INSERT INTO DetalleVenta (DetalleID, VentaID, ProductoID, Cantidad, PrecioVenta, Subtotal) VALUES (477, 145, 30, 5, 29.14, 145.7);
INSERT INTO DetalleVenta (DetalleID, VentaID, ProductoID, Cantidad, PrecioVenta, Subtotal) VALUES (478, 145, 35, 1, 43.04, 43.04);
UPDATE Venta SET Total = 219.69 WHERE VentaID = 145;
INSERT INTO Venta (VentaID, Fecha, Total, ClienteID, UsuarioID) VALUES (146, '2025-02-07', 0, 76, 5);
INSERT INTO DetalleVenta (DetalleID, VentaID, ProductoID, Cantidad, PrecioVenta, Subtotal) VALUES (479, 146, 76, 1, 18.88, 18.88);
INSERT INTO DetalleVenta (DetalleID, VentaID, ProductoID, Cantidad, PrecioVenta, Subtotal) VALUES (480, 146, 30, 5, 29.14, 145.7);
UPDATE Venta SET Total = 164.58 WHERE VentaID = 146;
INSERT INTO Venta (VentaID, Fecha, Total, ClienteID, UsuarioID) VALUES (147, '2025-02-14', 0, 28, 3);
INSERT INTO DetalleVenta (DetalleID, VentaID, ProductoID, Cantidad, PrecioVenta, Subtotal) VALUES (481, 147, 47, 1, 42.3, 42.3);
INSERT INTO DetalleVenta (DetalleID, VentaID, ProductoID, Cantidad, PrecioVenta, Subtotal) VALUES (482, 147, 42, 4, 42.81, 171.24);
INSERT INTO DetalleVenta (DetalleID, VentaID, ProductoID, Cantidad, PrecioVenta, Subtotal) VALUES (483, 147, 46, 3, 22.38, 67.14);
INSERT INTO DetalleVenta (DetalleID, VentaID, ProductoID, Cantidad, PrecioVenta, Subtotal) VALUES (484, 147, 29, 2, 45.87, 91.74);
UPDATE Venta SET Total = 372.42 WHERE VentaID = 147;
INSERT INTO Venta (VentaID, Fecha, Total, ClienteID, UsuarioID) VALUES (148, '2025-02-01', 0, 76, 5);
INSERT INTO DetalleVenta (DetalleID, VentaID, ProductoID, Cantidad, PrecioVenta, Subtotal) VALUES (485, 148, 3, 1, 1.75, 1.75);
INSERT INTO DetalleVenta (DetalleID, VentaID, ProductoID, Cantidad, PrecioVenta, Subtotal) VALUES (486, 148, 47, 2, 42.3, 84.6);
INSERT INTO DetalleVenta (DetalleID, VentaID, ProductoID, Cantidad, PrecioVenta, Subtotal) VALUES (487, 148, 28, 1, 48.97, 48.97);
INSERT INTO DetalleVenta (DetalleID, VentaID, ProductoID, Cantidad, PrecioVenta, Subtotal) VALUES (488, 148, 1, 2, 2.13, 4.26);
UPDATE Venta SET Total = 139.58 WHERE VentaID = 148;
INSERT INTO Venta (VentaID, Fecha, Total, ClienteID, UsuarioID) VALUES (149, '2025-02-15', 0, 11, 3);
INSERT INTO DetalleVenta (DetalleID, VentaID, ProductoID, Cantidad, PrecioVenta, Subtotal) VALUES (489, 149, 1, 4, 2.13, 8.52);
INSERT INTO DetalleVenta (DetalleID, VentaID, ProductoID, Cantidad, PrecioVenta, Subtotal) VALUES (490, 149, 80, 4, 23.7, 94.8);
UPDATE Venta SET Total = 103.32 WHERE VentaID = 149;
INSERT INTO Venta (VentaID, Fecha, Total, ClienteID, UsuarioID) VALUES (150, '2025-02-06', 0, 24, 2);
INSERT INTO DetalleVenta (DetalleID, VentaID, ProductoID, Cantidad, PrecioVenta, Subtotal) VALUES (491, 150, 9, 3, 11.09, 33.27);
INSERT INTO DetalleVenta (DetalleID, VentaID, ProductoID, Cantidad, PrecioVenta, Subtotal) VALUES (492, 150, 13, 4, 26.74, 106.96);
UPDATE Venta SET Total = 140.23 WHERE VentaID = 150;
INSERT INTO Venta (VentaID, Fecha, Total, ClienteID, UsuarioID) VALUES (151, '2025-01-25', 0, 96, 2);
INSERT INTO DetalleVenta (DetalleID, VentaID, ProductoID, Cantidad, PrecioVenta, Subtotal) VALUES (493, 151, 56, 3, 3.82, 11.46);
INSERT INTO DetalleVenta (DetalleID, VentaID, ProductoID, Cantidad, PrecioVenta, Subtotal) VALUES (494, 151, 45, 3, 42.47, 127.41);
INSERT INTO DetalleVenta (DetalleID, VentaID, ProductoID, Cantidad, PrecioVenta, Subtotal) VALUES (495, 151, 74, 5, 24.29, 121.45);
UPDATE Venta SET Total = 260.32 WHERE VentaID = 151;
INSERT INTO Venta (VentaID, Fecha, Total, ClienteID, UsuarioID) VALUES (152, '2025-01-09', 0, 100, 5);
INSERT INTO DetalleVenta (DetalleID, VentaID, ProductoID, Cantidad, PrecioVenta, Subtotal) VALUES (496, 152, 15, 1, 43.65, 43.65);
INSERT INTO DetalleVenta (DetalleID, VentaID, ProductoID, Cantidad, PrecioVenta, Subtotal) VALUES (497, 152, 57, 2, 49.39, 98.78);
UPDATE Venta SET Total = 142.43 WHERE VentaID = 152;
INSERT INTO Venta (VentaID, Fecha, Total, ClienteID, UsuarioID) VALUES (153, '2025-01-06', 0, 80, 2);
INSERT INTO DetalleVenta (DetalleID, VentaID, ProductoID, Cantidad, PrecioVenta, Subtotal) VALUES (498, 153, 63, 5, 23.23, 116.15);
INSERT INTO DetalleVenta (DetalleID, VentaID, ProductoID, Cantidad, PrecioVenta, Subtotal) VALUES (499, 153, 68, 4, 7.93, 31.72);
INSERT INTO DetalleVenta (DetalleID, VentaID, ProductoID, Cantidad, PrecioVenta, Subtotal) VALUES (500, 153, 56, 1, 3.82, 3.82);
UPDATE Venta SET Total = 151.69 WHERE VentaID = 153;
INSERT INTO Venta (VentaID, Fecha, Total, ClienteID, UsuarioID) VALUES (154, '2025-01-11', 0, 32, 4);
INSERT INTO DetalleVenta (DetalleID, VentaID, ProductoID, Cantidad, PrecioVenta, Subtotal) VALUES (501, 154, 42, 4, 42.81, 171.24);
INSERT INTO DetalleVenta (DetalleID, VentaID, ProductoID, Cantidad, PrecioVenta, Subtotal) VALUES (502, 154, 75, 4, 38.24, 152.96);
INSERT INTO DetalleVenta (DetalleID, VentaID, ProductoID, Cantidad, PrecioVenta, Subtotal) VALUES (503, 154, 68, 3, 7.93, 23.79);
INSERT INTO DetalleVenta (DetalleID, VentaID, ProductoID, Cantidad, PrecioVenta, Subtotal) VALUES (504, 154, 9, 2, 11.09, 22.18);
INSERT INTO DetalleVenta (DetalleID, VentaID, ProductoID, Cantidad, PrecioVenta, Subtotal) VALUES (505, 154, 4, 3, 7.65, 22.95);
UPDATE Venta SET Total = 393.12 WHERE VentaID = 154;
INSERT INTO Venta (VentaID, Fecha, Total, ClienteID, UsuarioID) VALUES (155, '2025-01-09', 0, 90, 4);
INSERT INTO DetalleVenta (DetalleID, VentaID, ProductoID, Cantidad, PrecioVenta, Subtotal) VALUES (506, 155, 27, 1, 7.89, 7.89);
INSERT INTO DetalleVenta (DetalleID, VentaID, ProductoID, Cantidad, PrecioVenta, Subtotal) VALUES (507, 155, 17, 5, 29.86, 149.3);
INSERT INTO DetalleVenta (DetalleID, VentaID, ProductoID, Cantidad, PrecioVenta, Subtotal) VALUES (508, 155, 40, 3, 47.42, 142.26);
UPDATE Venta SET Total = 299.45 WHERE VentaID = 155;
INSERT INTO Venta (VentaID, Fecha, Total, ClienteID, UsuarioID) VALUES (156, '2025-01-22', 0, 92, 5);
INSERT INTO DetalleVenta (DetalleID, VentaID, ProductoID, Cantidad, PrecioVenta, Subtotal) VALUES (509, 156, 61, 1, 23.52, 23.52);
INSERT INTO DetalleVenta (DetalleID, VentaID, ProductoID, Cantidad, PrecioVenta, Subtotal) VALUES (510, 156, 11, 4, 26.15, 104.6);
UPDATE Venta SET Total = 128.12 WHERE VentaID = 156;
INSERT INTO Venta (VentaID, Fecha, Total, ClienteID, UsuarioID) VALUES (157, '2025-01-19', 0, 67, 4);
INSERT INTO DetalleVenta (DetalleID, VentaID, ProductoID, Cantidad, PrecioVenta, Subtotal) VALUES (511, 157, 74, 4, 24.29, 97.16);
INSERT INTO DetalleVenta (DetalleID, VentaID, ProductoID, Cantidad, PrecioVenta, Subtotal) VALUES (512, 157, 11, 1, 26.15, 26.15);
INSERT INTO DetalleVenta (DetalleID, VentaID, ProductoID, Cantidad, PrecioVenta, Subtotal) VALUES (513, 157, 50, 2, 9.35, 18.7);
UPDATE Venta SET Total = 142.01 WHERE VentaID = 157;
INSERT INTO Venta (VentaID, Fecha, Total, ClienteID, UsuarioID) VALUES (158, '2025-01-14', 0, 59, 4);
INSERT INTO DetalleVenta (DetalleID, VentaID, ProductoID, Cantidad, PrecioVenta, Subtotal) VALUES (514, 158, 28, 2, 48.97, 97.94);
INSERT INTO DetalleVenta (DetalleID, VentaID, ProductoID, Cantidad, PrecioVenta, Subtotal) VALUES (515, 158, 26, 5, 30.83, 154.15);
INSERT INTO DetalleVenta (DetalleID, VentaID, ProductoID, Cantidad, PrecioVenta, Subtotal) VALUES (516, 158, 33, 4, 39.43, 157.72);
UPDATE Venta SET Total = 409.81 WHERE VentaID = 158;
INSERT INTO Venta (VentaID, Fecha, Total, ClienteID, UsuarioID) VALUES (159, '2025-01-15', 0, 19, 4);
INSERT INTO DetalleVenta (DetalleID, VentaID, ProductoID, Cantidad, PrecioVenta, Subtotal) VALUES (517, 159, 2, 1, 38.88, 38.88);
INSERT INTO DetalleVenta (DetalleID, VentaID, ProductoID, Cantidad, PrecioVenta, Subtotal) VALUES (518, 159, 41, 5, 26.89, 134.45);
INSERT INTO DetalleVenta (DetalleID, VentaID, ProductoID, Cantidad, PrecioVenta, Subtotal) VALUES (519, 159, 70, 5, 13.62, 68.1);
INSERT INTO DetalleVenta (DetalleID, VentaID, ProductoID, Cantidad, PrecioVenta, Subtotal) VALUES (520, 159, 32, 3, 33.44, 100.32);
INSERT INTO DetalleVenta (DetalleID, VentaID, ProductoID, Cantidad, PrecioVenta, Subtotal) VALUES (521, 159, 18, 4, 21.11, 84.44);
UPDATE Venta SET Total = 426.19 WHERE VentaID = 159;
INSERT INTO Venta (VentaID, Fecha, Total, ClienteID, UsuarioID) VALUES (160, '2025-01-10', 0, 59, 2);
INSERT INTO DetalleVenta (DetalleID, VentaID, ProductoID, Cantidad, PrecioVenta, Subtotal) VALUES (522, 160, 16, 3, 31.04, 93.12);
INSERT INTO DetalleVenta (DetalleID, VentaID, ProductoID, Cantidad, PrecioVenta, Subtotal) VALUES (523, 160, 66, 4, 44.26, 177.04);
UPDATE Venta SET Total = 270.16 WHERE VentaID = 160;
INSERT INTO Venta (VentaID, Fecha, Total, ClienteID, UsuarioID) VALUES (161, '2025-01-12', 0, 10, 3);
INSERT INTO DetalleVenta (DetalleID, VentaID, ProductoID, Cantidad, PrecioVenta, Subtotal) VALUES (524, 161, 51, 2, 44.72, 89.44);
INSERT INTO DetalleVenta (DetalleID, VentaID, ProductoID, Cantidad, PrecioVenta, Subtotal) VALUES (525, 161, 6, 4, 12.11, 48.44);
UPDATE Venta SET Total = 137.88 WHERE VentaID = 161;
INSERT INTO Venta (VentaID, Fecha, Total, ClienteID, UsuarioID) VALUES (162, '2025-01-25', 0, 88, 4);
INSERT INTO DetalleVenta (DetalleID, VentaID, ProductoID, Cantidad, PrecioVenta, Subtotal) VALUES (526, 162, 31, 3, 4.6, 13.8);
INSERT INTO DetalleVenta (DetalleID, VentaID, ProductoID, Cantidad, PrecioVenta, Subtotal) VALUES (527, 162, 68, 2, 7.93, 15.86);
INSERT INTO DetalleVenta (DetalleID, VentaID, ProductoID, Cantidad, PrecioVenta, Subtotal) VALUES (528, 162, 52, 4, 46.86, 187.44);
UPDATE Venta SET Total = 217.1 WHERE VentaID = 162;
INSERT INTO Venta (VentaID, Fecha, Total, ClienteID, UsuarioID) VALUES (163, '2025-01-13', 0, 17, 2);
INSERT INTO DetalleVenta (DetalleID, VentaID, ProductoID, Cantidad, PrecioVenta, Subtotal) VALUES (529, 163, 42, 1, 42.81, 42.81);
INSERT INTO DetalleVenta (DetalleID, VentaID, ProductoID, Cantidad, PrecioVenta, Subtotal) VALUES (530, 163, 28, 1, 48.97, 48.97);
UPDATE Venta SET Total = 91.78 WHERE VentaID = 163;
INSERT INTO Venta (VentaID, Fecha, Total, ClienteID, UsuarioID) VALUES (164, '2025-01-21', 0, 75, 4);
INSERT INTO DetalleVenta (DetalleID, VentaID, ProductoID, Cantidad, PrecioVenta, Subtotal) VALUES (531, 164, 33, 4, 39.43, 157.72);
INSERT INTO DetalleVenta (DetalleID, VentaID, ProductoID, Cantidad, PrecioVenta, Subtotal) VALUES (532, 164, 53, 1, 47.85, 47.85);
INSERT INTO DetalleVenta (DetalleID, VentaID, ProductoID, Cantidad, PrecioVenta, Subtotal) VALUES (533, 164, 4, 1, 7.65, 7.65);
INSERT INTO DetalleVenta (DetalleID, VentaID, ProductoID, Cantidad, PrecioVenta, Subtotal) VALUES (534, 164, 69, 5, 22.5, 112.5);
UPDATE Venta SET Total = 325.72 WHERE VentaID = 164;
INSERT INTO Venta (VentaID, Fecha, Total, ClienteID, UsuarioID) VALUES (165, '2025-01-28', 0, 65, 5);
INSERT INTO DetalleVenta (DetalleID, VentaID, ProductoID, Cantidad, PrecioVenta, Subtotal) VALUES (535, 165, 57, 3, 49.39, 148.17);
INSERT INTO DetalleVenta (DetalleID, VentaID, ProductoID, Cantidad, PrecioVenta, Subtotal) VALUES (536, 165, 8, 1, 47.81, 47.81);
UPDATE Venta SET Total = 195.98 WHERE VentaID = 165;
INSERT INTO Venta (VentaID, Fecha, Total, ClienteID, UsuarioID) VALUES (166, '2025-01-01', 0, 50, 3);
INSERT INTO DetalleVenta (DetalleID, VentaID, ProductoID, Cantidad, PrecioVenta, Subtotal) VALUES (537, 166, 20, 4, 34.61, 138.44);
INSERT INTO DetalleVenta (DetalleID, VentaID, ProductoID, Cantidad, PrecioVenta, Subtotal) VALUES (538, 166, 78, 5, 28.33, 141.65);
INSERT INTO DetalleVenta (DetalleID, VentaID, ProductoID, Cantidad, PrecioVenta, Subtotal) VALUES (539, 166, 32, 4, 33.44, 133.76);
INSERT INTO DetalleVenta (DetalleID, VentaID, ProductoID, Cantidad, PrecioVenta, Subtotal) VALUES (540, 166, 9, 3, 11.09, 33.27);
INSERT INTO DetalleVenta (DetalleID, VentaID, ProductoID, Cantidad, PrecioVenta, Subtotal) VALUES (541, 166, 16, 1, 31.04, 31.04);
UPDATE Venta SET Total = 478.16 WHERE VentaID = 166;
INSERT INTO Venta (VentaID, Fecha, Total, ClienteID, UsuarioID) VALUES (167, '2025-01-27', 0, 3, 3);
INSERT INTO DetalleVenta (DetalleID, VentaID, ProductoID, Cantidad, PrecioVenta, Subtotal) VALUES (542, 167, 18, 4, 21.11, 84.44);
INSERT INTO DetalleVenta (DetalleID, VentaID, ProductoID, Cantidad, PrecioVenta, Subtotal) VALUES (543, 167, 52, 1, 46.86, 46.86);
INSERT INTO DetalleVenta (DetalleID, VentaID, ProductoID, Cantidad, PrecioVenta, Subtotal) VALUES (544, 167, 78, 5, 28.33, 141.65);
INSERT INTO DetalleVenta (DetalleID, VentaID, ProductoID, Cantidad, PrecioVenta, Subtotal) VALUES (545, 167, 49, 3, 19.43, 58.29);
INSERT INTO DetalleVenta (DetalleID, VentaID, ProductoID, Cantidad, PrecioVenta, Subtotal) VALUES (546, 167, 2, 1, 38.88, 38.88);
UPDATE Venta SET Total = 370.12 WHERE VentaID = 167;
INSERT INTO Venta (VentaID, Fecha, Total, ClienteID, UsuarioID) VALUES (168, '2025-01-15', 0, 22, 1);
INSERT INTO DetalleVenta (DetalleID, VentaID, ProductoID, Cantidad, PrecioVenta, Subtotal) VALUES (547, 168, 55, 1, 35.02, 35.02);
INSERT INTO DetalleVenta (DetalleID, VentaID, ProductoID, Cantidad, PrecioVenta, Subtotal) VALUES (548, 168, 72, 2, 30.72, 61.44);
INSERT INTO DetalleVenta (DetalleID, VentaID, ProductoID, Cantidad, PrecioVenta, Subtotal) VALUES (549, 168, 10, 5, 44.99, 224.95);
INSERT INTO DetalleVenta (DetalleID, VentaID, ProductoID, Cantidad, PrecioVenta, Subtotal) VALUES (550, 168, 26, 3, 30.83, 92.49);
UPDATE Venta SET Total = 413.9 WHERE VentaID = 168;
INSERT INTO Venta (VentaID, Fecha, Total, ClienteID, UsuarioID) VALUES (169, '2025-01-08', 0, 81, 1);
INSERT INTO DetalleVenta (DetalleID, VentaID, ProductoID, Cantidad, PrecioVenta, Subtotal) VALUES (551, 169, 7, 4, 22.31, 89.24);
INSERT INTO DetalleVenta (DetalleID, VentaID, ProductoID, Cantidad, PrecioVenta, Subtotal) VALUES (552, 169, 57, 5, 49.39, 246.95);
INSERT INTO DetalleVenta (DetalleID, VentaID, ProductoID, Cantidad, PrecioVenta, Subtotal) VALUES (553, 169, 67, 2, 45.11, 90.22);
UPDATE Venta SET Total = 426.41 WHERE VentaID = 169;
INSERT INTO Venta (VentaID, Fecha, Total, ClienteID, UsuarioID) VALUES (170, '2025-01-03', 0, 2, 3);
INSERT INTO DetalleVenta (DetalleID, VentaID, ProductoID, Cantidad, PrecioVenta, Subtotal) VALUES (554, 170, 6, 5, 12.11, 60.55);
INSERT INTO DetalleVenta (DetalleID, VentaID, ProductoID, Cantidad, PrecioVenta, Subtotal) VALUES (555, 170, 27, 2, 7.89, 15.78);
UPDATE Venta SET Total = 76.33 WHERE VentaID = 170;
INSERT INTO Venta (VentaID, Fecha, Total, ClienteID, UsuarioID) VALUES (171, '2025-01-26', 0, 15, 4);
INSERT INTO DetalleVenta (DetalleID, VentaID, ProductoID, Cantidad, PrecioVenta, Subtotal) VALUES (556, 171, 31, 3, 4.6, 13.8);
INSERT INTO DetalleVenta (DetalleID, VentaID, ProductoID, Cantidad, PrecioVenta, Subtotal) VALUES (557, 171, 24, 1, 36.56, 36.56);
INSERT INTO DetalleVenta (DetalleID, VentaID, ProductoID, Cantidad, PrecioVenta, Subtotal) VALUES (558, 171, 44, 2, 44.15, 88.3);
INSERT INTO DetalleVenta (DetalleID, VentaID, ProductoID, Cantidad, PrecioVenta, Subtotal) VALUES (559, 171, 35, 2, 43.04, 86.08);
INSERT INTO DetalleVenta (DetalleID, VentaID, ProductoID, Cantidad, PrecioVenta, Subtotal) VALUES (560, 171, 19, 2, 48.63, 97.26);
UPDATE Venta SET Total = 322.0 WHERE VentaID = 171;
INSERT INTO Venta (VentaID, Fecha, Total, ClienteID, UsuarioID) VALUES (172, '2025-01-14', 0, 2, 4);
INSERT INTO DetalleVenta (DetalleID, VentaID, ProductoID, Cantidad, PrecioVenta, Subtotal) VALUES (561, 172, 6, 1, 12.11, 12.11);
INSERT INTO DetalleVenta (DetalleID, VentaID, ProductoID, Cantidad, PrecioVenta, Subtotal) VALUES (562, 172, 23, 3, 48.44, 145.32);
INSERT INTO DetalleVenta (DetalleID, VentaID, ProductoID, Cantidad, PrecioVenta, Subtotal) VALUES (563, 172, 36, 4, 33.84, 135.36);
UPDATE Venta SET Total = 292.79 WHERE VentaID = 172;
INSERT INTO Venta (VentaID, Fecha, Total, ClienteID, UsuarioID) VALUES (173, '2025-01-01', 0, 30, 2);
INSERT INTO DetalleVenta (DetalleID, VentaID, ProductoID, Cantidad, PrecioVenta, Subtotal) VALUES (564, 173, 10, 2, 44.99, 89.98);
INSERT INTO DetalleVenta (DetalleID, VentaID, ProductoID, Cantidad, PrecioVenta, Subtotal) VALUES (565, 173, 16, 4, 31.04, 124.16);
INSERT INTO DetalleVenta (DetalleID, VentaID, ProductoID, Cantidad, PrecioVenta, Subtotal) VALUES (566, 173, 1, 3, 2.13, 6.39);
UPDATE Venta SET Total = 220.53 WHERE VentaID = 173;
INSERT INTO Venta (VentaID, Fecha, Total, ClienteID, UsuarioID) VALUES (174, '2025-01-18', 0, 88, 1);
INSERT INTO DetalleVenta (DetalleID, VentaID, ProductoID, Cantidad, PrecioVenta, Subtotal) VALUES (567, 174, 47, 2, 42.3, 84.6);
INSERT INTO DetalleVenta (DetalleID, VentaID, ProductoID, Cantidad, PrecioVenta, Subtotal) VALUES (568, 174, 42, 4, 42.81, 171.24);
INSERT INTO DetalleVenta (DetalleID, VentaID, ProductoID, Cantidad, PrecioVenta, Subtotal) VALUES (569, 174, 28, 3, 48.97, 146.91);
INSERT INTO DetalleVenta (DetalleID, VentaID, ProductoID, Cantidad, PrecioVenta, Subtotal) VALUES (570, 174, 61, 4, 23.52, 94.08);
INSERT INTO DetalleVenta (DetalleID, VentaID, ProductoID, Cantidad, PrecioVenta, Subtotal) VALUES (571, 174, 12, 3, 16.32, 48.96);
UPDATE Venta SET Total = 545.79 WHERE VentaID = 174;
INSERT INTO Venta (VentaID, Fecha, Total, ClienteID, UsuarioID) VALUES (175, '2025-01-17', 0, 91, 4);
INSERT INTO DetalleVenta (DetalleID, VentaID, ProductoID, Cantidad, PrecioVenta, Subtotal) VALUES (572, 175, 12, 1, 16.32, 16.32);
INSERT INTO DetalleVenta (DetalleID, VentaID, ProductoID, Cantidad, PrecioVenta, Subtotal) VALUES (573, 175, 52, 2, 46.86, 93.72);
UPDATE Venta SET Total = 110.04 WHERE VentaID = 175;
INSERT INTO Venta (VentaID, Fecha, Total, ClienteID, UsuarioID) VALUES (176, '2025-01-10', 0, 15, 3);
INSERT INTO DetalleVenta (DetalleID, VentaID, ProductoID, Cantidad, PrecioVenta, Subtotal) VALUES (574, 176, 79, 3, 49.66, 148.98);
INSERT INTO DetalleVenta (DetalleID, VentaID, ProductoID, Cantidad, PrecioVenta, Subtotal) VALUES (575, 176, 31, 3, 4.6, 13.8);
UPDATE Venta SET Total = 162.78 WHERE VentaID = 176;
INSERT INTO Venta (VentaID, Fecha, Total, ClienteID, UsuarioID) VALUES (177, '2025-01-02', 0, 25, 5);
INSERT INTO DetalleVenta (DetalleID, VentaID, ProductoID, Cantidad, PrecioVenta, Subtotal) VALUES (576, 177, 9, 5, 11.09, 55.45);
INSERT INTO DetalleVenta (DetalleID, VentaID, ProductoID, Cantidad, PrecioVenta, Subtotal) VALUES (577, 177, 80, 1, 23.7, 23.7);
INSERT INTO DetalleVenta (DetalleID, VentaID, ProductoID, Cantidad, PrecioVenta, Subtotal) VALUES (578, 177, 1, 2, 2.13, 4.26);
INSERT INTO DetalleVenta (DetalleID, VentaID, ProductoID, Cantidad, PrecioVenta, Subtotal) VALUES (579, 177, 6, 4, 12.11, 48.44);
UPDATE Venta SET Total = 131.85 WHERE VentaID = 177;
INSERT INTO Venta (VentaID, Fecha, Total, ClienteID, UsuarioID) VALUES (178, '2025-01-23', 0, 79, 1);
INSERT INTO DetalleVenta (DetalleID, VentaID, ProductoID, Cantidad, PrecioVenta, Subtotal) VALUES (580, 178, 38, 5, 12.3, 61.5);
INSERT INTO DetalleVenta (DetalleID, VentaID, ProductoID, Cantidad, PrecioVenta, Subtotal) VALUES (581, 178, 44, 3, 44.15, 132.45);
INSERT INTO DetalleVenta (DetalleID, VentaID, ProductoID, Cantidad, PrecioVenta, Subtotal) VALUES (582, 178, 26, 4, 30.83, 123.32);
INSERT INTO DetalleVenta (DetalleID, VentaID, ProductoID, Cantidad, PrecioVenta, Subtotal) VALUES (583, 178, 36, 3, 33.84, 101.52);
INSERT INTO DetalleVenta (DetalleID, VentaID, ProductoID, Cantidad, PrecioVenta, Subtotal) VALUES (584, 178, 18, 4, 21.11, 84.44);
UPDATE Venta SET Total = 503.23 WHERE VentaID = 178;
INSERT INTO Venta (VentaID, Fecha, Total, ClienteID, UsuarioID) VALUES (179, '2025-01-23', 0, 58, 4);
INSERT INTO DetalleVenta (DetalleID, VentaID, ProductoID, Cantidad, PrecioVenta, Subtotal) VALUES (585, 179, 36, 4, 33.84, 135.36);
INSERT INTO DetalleVenta (DetalleID, VentaID, ProductoID, Cantidad, PrecioVenta, Subtotal) VALUES (586, 179, 74, 5, 24.29, 121.45);
INSERT INTO DetalleVenta (DetalleID, VentaID, ProductoID, Cantidad, PrecioVenta, Subtotal) VALUES (587, 179, 75, 5, 38.24, 191.2);
INSERT INTO DetalleVenta (DetalleID, VentaID, ProductoID, Cantidad, PrecioVenta, Subtotal) VALUES (588, 179, 49, 4, 19.43, 77.72);
UPDATE Venta SET Total = 525.73 WHERE VentaID = 179;
INSERT INTO Venta (VentaID, Fecha, Total, ClienteID, UsuarioID) VALUES (180, '2025-01-05', 0, 76, 1);
INSERT INTO DetalleVenta (DetalleID, VentaID, ProductoID, Cantidad, PrecioVenta, Subtotal) VALUES (589, 180, 21, 3, 25.69, 77.07);
INSERT INTO DetalleVenta (DetalleID, VentaID, ProductoID, Cantidad, PrecioVenta, Subtotal) VALUES (590, 180, 13, 1, 26.74, 26.74);
INSERT INTO DetalleVenta (DetalleID, VentaID, ProductoID, Cantidad, PrecioVenta, Subtotal) VALUES (591, 180, 3, 1, 1.75, 1.75);
INSERT INTO DetalleVenta (DetalleID, VentaID, ProductoID, Cantidad, PrecioVenta, Subtotal) VALUES (592, 180, 6, 1, 12.11, 12.11);
INSERT INTO DetalleVenta (DetalleID, VentaID, ProductoID, Cantidad, PrecioVenta, Subtotal) VALUES (593, 180, 43, 2, 11.03, 22.06);
UPDATE Venta SET Total = 139.73 WHERE VentaID = 180;
INSERT INTO Venta (VentaID, Fecha, Total, ClienteID, UsuarioID) VALUES (181, '2024-12-20', 0, 55, 4);
INSERT INTO DetalleVenta (DetalleID, VentaID, ProductoID, Cantidad, PrecioVenta, Subtotal) VALUES (594, 181, 25, 1, 20.64, 20.64);
INSERT INTO DetalleVenta (DetalleID, VentaID, ProductoID, Cantidad, PrecioVenta, Subtotal) VALUES (595, 181, 59, 1, 40.02, 40.02);
INSERT INTO DetalleVenta (DetalleID, VentaID, ProductoID, Cantidad, PrecioVenta, Subtotal) VALUES (596, 181, 33, 4, 39.43, 157.72);
UPDATE Venta SET Total = 218.38 WHERE VentaID = 181;
INSERT INTO Venta (VentaID, Fecha, Total, ClienteID, UsuarioID) VALUES (182, '2024-12-11', 0, 73, 4);
INSERT INTO DetalleVenta (DetalleID, VentaID, ProductoID, Cantidad, PrecioVenta, Subtotal) VALUES (597, 182, 27, 2, 7.89, 15.78);
INSERT INTO DetalleVenta (DetalleID, VentaID, ProductoID, Cantidad, PrecioVenta, Subtotal) VALUES (598, 182, 35, 4, 43.04, 172.16);
INSERT INTO DetalleVenta (DetalleID, VentaID, ProductoID, Cantidad, PrecioVenta, Subtotal) VALUES (599, 182, 66, 2, 44.26, 88.52);
INSERT INTO DetalleVenta (DetalleID, VentaID, ProductoID, Cantidad, PrecioVenta, Subtotal) VALUES (600, 182, 69, 5, 22.5, 112.5);
UPDATE Venta SET Total = 388.96 WHERE VentaID = 182;
INSERT INTO Venta (VentaID, Fecha, Total, ClienteID, UsuarioID) VALUES (183, '2024-12-03', 0, 6, 4);
INSERT INTO DetalleVenta (DetalleID, VentaID, ProductoID, Cantidad, PrecioVenta, Subtotal) VALUES (601, 183, 34, 1, 21.63, 21.63);
INSERT INTO DetalleVenta (DetalleID, VentaID, ProductoID, Cantidad, PrecioVenta, Subtotal) VALUES (602, 183, 30, 5, 29.14, 145.7);
UPDATE Venta SET Total = 167.33 WHERE VentaID = 183;
INSERT INTO Venta (VentaID, Fecha, Total, ClienteID, UsuarioID) VALUES (184, '2024-12-05', 0, 45, 1);
INSERT INTO DetalleVenta (DetalleID, VentaID, ProductoID, Cantidad, PrecioVenta, Subtotal) VALUES (603, 184, 78, 3, 28.33, 84.99);
INSERT INTO DetalleVenta (DetalleID, VentaID, ProductoID, Cantidad, PrecioVenta, Subtotal) VALUES (604, 184, 15, 5, 43.65, 218.25);
INSERT INTO DetalleVenta (DetalleID, VentaID, ProductoID, Cantidad, PrecioVenta, Subtotal) VALUES (605, 184, 17, 5, 29.86, 149.3);
INSERT INTO DetalleVenta (DetalleID, VentaID, ProductoID, Cantidad, PrecioVenta, Subtotal) VALUES (606, 184, 50, 1, 9.35, 9.35);
UPDATE Venta SET Total = 461.89 WHERE VentaID = 184;
INSERT INTO Venta (VentaID, Fecha, Total, ClienteID, UsuarioID) VALUES (185, '2024-12-28', 0, 90, 1);
INSERT INTO DetalleVenta (DetalleID, VentaID, ProductoID, Cantidad, PrecioVenta, Subtotal) VALUES (607, 185, 16, 2, 31.04, 62.08);
INSERT INTO DetalleVenta (DetalleID, VentaID, ProductoID, Cantidad, PrecioVenta, Subtotal) VALUES (608, 185, 75, 3, 38.24, 114.72);
INSERT INTO DetalleVenta (DetalleID, VentaID, ProductoID, Cantidad, PrecioVenta, Subtotal) VALUES (609, 185, 23, 3, 48.44, 145.32);
INSERT INTO DetalleVenta (DetalleID, VentaID, ProductoID, Cantidad, PrecioVenta, Subtotal) VALUES (610, 185, 73, 1, 30.5, 30.5);
UPDATE Venta SET Total = 352.62 WHERE VentaID = 185;
INSERT INTO Venta (VentaID, Fecha, Total, ClienteID, UsuarioID) VALUES (186, '2024-12-27', 0, 12, 2);
INSERT INTO DetalleVenta (DetalleID, VentaID, ProductoID, Cantidad, PrecioVenta, Subtotal) VALUES (611, 186, 37, 2, 35.44, 70.88);
INSERT INTO DetalleVenta (DetalleID, VentaID, ProductoID, Cantidad, PrecioVenta, Subtotal) VALUES (612, 186, 18, 5, 21.11, 105.55);
UPDATE Venta SET Total = 176.43 WHERE VentaID = 186;
INSERT INTO Venta (VentaID, Fecha, Total, ClienteID, UsuarioID) VALUES (187, '2024-12-17', 0, 42, 4);
INSERT INTO DetalleVenta (DetalleID, VentaID, ProductoID, Cantidad, PrecioVenta, Subtotal) VALUES (613, 187, 49, 2, 19.43, 38.86);
INSERT INTO DetalleVenta (DetalleID, VentaID, ProductoID, Cantidad, PrecioVenta, Subtotal) VALUES (614, 187, 33, 1, 39.43, 39.43);
INSERT INTO DetalleVenta (DetalleID, VentaID, ProductoID, Cantidad, PrecioVenta, Subtotal) VALUES (615, 187, 36, 2, 33.84, 67.68);
INSERT INTO DetalleVenta (DetalleID, VentaID, ProductoID, Cantidad, PrecioVenta, Subtotal) VALUES (616, 187, 58, 5, 24.66, 123.3);
INSERT INTO DetalleVenta (DetalleID, VentaID, ProductoID, Cantidad, PrecioVenta, Subtotal) VALUES (617, 187, 74, 3, 24.29, 72.87);
UPDATE Venta SET Total = 342.14 WHERE VentaID = 187;
INSERT INTO Venta (VentaID, Fecha, Total, ClienteID, UsuarioID) VALUES (188, '2024-12-03', 0, 56, 2);
INSERT INTO DetalleVenta (DetalleID, VentaID, ProductoID, Cantidad, PrecioVenta, Subtotal) VALUES (618, 188, 57, 3, 49.39, 148.17);
INSERT INTO DetalleVenta (DetalleID, VentaID, ProductoID, Cantidad, PrecioVenta, Subtotal) VALUES (619, 188, 32, 5, 33.44, 167.2);
INSERT INTO DetalleVenta (DetalleID, VentaID, ProductoID, Cantidad, PrecioVenta, Subtotal) VALUES (620, 188, 21, 2, 25.69, 51.38);
INSERT INTO DetalleVenta (DetalleID, VentaID, ProductoID, Cantidad, PrecioVenta, Subtotal) VALUES (621, 188, 27, 5, 7.89, 39.45);
UPDATE Venta SET Total = 406.2 WHERE VentaID = 188;
INSERT INTO Venta (VentaID, Fecha, Total, ClienteID, UsuarioID) VALUES (189, '2024-12-24', 0, 65, 2);
INSERT INTO DetalleVenta (DetalleID, VentaID, ProductoID, Cantidad, PrecioVenta, Subtotal) VALUES (622, 189, 38, 1, 12.3, 12.3);
INSERT INTO DetalleVenta (DetalleID, VentaID, ProductoID, Cantidad, PrecioVenta, Subtotal) VALUES (623, 189, 33, 4, 39.43, 157.72);
UPDATE Venta SET Total = 170.02 WHERE VentaID = 189;
INSERT INTO Venta (VentaID, Fecha, Total, ClienteID, UsuarioID) VALUES (190, '2024-12-12', 0, 98, 4);
INSERT INTO DetalleVenta (DetalleID, VentaID, ProductoID, Cantidad, PrecioVenta, Subtotal) VALUES (624, 190, 36, 2, 33.84, 67.68);
INSERT INTO DetalleVenta (DetalleID, VentaID, ProductoID, Cantidad, PrecioVenta, Subtotal) VALUES (625, 190, 42, 4, 42.81, 171.24);
INSERT INTO DetalleVenta (DetalleID, VentaID, ProductoID, Cantidad, PrecioVenta, Subtotal) VALUES (626, 190, 33, 1, 39.43, 39.43);
INSERT INTO DetalleVenta (DetalleID, VentaID, ProductoID, Cantidad, PrecioVenta, Subtotal) VALUES (627, 190, 21, 3, 25.69, 77.07);
UPDATE Venta SET Total = 355.42 WHERE VentaID = 190;
INSERT INTO Venta (VentaID, Fecha, Total, ClienteID, UsuarioID) VALUES (191, '2024-12-06', 0, 48, 4);
INSERT INTO DetalleVenta (DetalleID, VentaID, ProductoID, Cantidad, PrecioVenta, Subtotal) VALUES (628, 191, 67, 3, 45.11, 135.33);
INSERT INTO DetalleVenta (DetalleID, VentaID, ProductoID, Cantidad, PrecioVenta, Subtotal) VALUES (629, 191, 75, 3, 38.24, 114.72);
INSERT INTO DetalleVenta (DetalleID, VentaID, ProductoID, Cantidad, PrecioVenta, Subtotal) VALUES (630, 191, 29, 5, 45.87, 229.35);
INSERT INTO DetalleVenta (DetalleID, VentaID, ProductoID, Cantidad, PrecioVenta, Subtotal) VALUES (631, 191, 61, 1, 23.52, 23.52);
INSERT INTO DetalleVenta (DetalleID, VentaID, ProductoID, Cantidad, PrecioVenta, Subtotal) VALUES (632, 191, 21, 3, 25.69, 77.07);
UPDATE Venta SET Total = 579.99 WHERE VentaID = 191;
INSERT INTO Venta (VentaID, Fecha, Total, ClienteID, UsuarioID) VALUES (192, '2024-12-08', 0, 80, 4);
INSERT INTO DetalleVenta (DetalleID, VentaID, ProductoID, Cantidad, PrecioVenta, Subtotal) VALUES (633, 192, 71, 5, 30.5, 152.5);
INSERT INTO DetalleVenta (DetalleID, VentaID, ProductoID, Cantidad, PrecioVenta, Subtotal) VALUES (634, 192, 67, 5, 45.11, 225.55);
INSERT INTO DetalleVenta (DetalleID, VentaID, ProductoID, Cantidad, PrecioVenta, Subtotal) VALUES (635, 192, 3, 5, 1.75, 8.75);
INSERT INTO DetalleVenta (DetalleID, VentaID, ProductoID, Cantidad, PrecioVenta, Subtotal) VALUES (636, 192, 79, 1, 49.66, 49.66);
UPDATE Venta SET Total = 436.46 WHERE VentaID = 192;
INSERT INTO Venta (VentaID, Fecha, Total, ClienteID, UsuarioID) VALUES (193, '2024-12-11', 0, 48, 2);
INSERT INTO DetalleVenta (DetalleID, VentaID, ProductoID, Cantidad, PrecioVenta, Subtotal) VALUES (637, 193, 7, 3, 22.31, 66.93);
INSERT INTO DetalleVenta (DetalleID, VentaID, ProductoID, Cantidad, PrecioVenta, Subtotal) VALUES (638, 193, 14, 3, 45.31, 135.93);
UPDATE Venta SET Total = 202.86 WHERE VentaID = 193;
INSERT INTO Venta (VentaID, Fecha, Total, ClienteID, UsuarioID) VALUES (194, '2024-12-27', 0, 23, 3);
INSERT INTO DetalleVenta (DetalleID, VentaID, ProductoID, Cantidad, PrecioVenta, Subtotal) VALUES (639, 194, 30, 4, 29.14, 116.56);
INSERT INTO DetalleVenta (DetalleID, VentaID, ProductoID, Cantidad, PrecioVenta, Subtotal) VALUES (640, 194, 36, 2, 33.84, 67.68);
UPDATE Venta SET Total = 184.24 WHERE VentaID = 194;
INSERT INTO Venta (VentaID, Fecha, Total, ClienteID, UsuarioID) VALUES (195, '2024-12-01', 0, 47, 1);
INSERT INTO DetalleVenta (DetalleID, VentaID, ProductoID, Cantidad, PrecioVenta, Subtotal) VALUES (641, 195, 51, 4, 44.72, 178.88);
INSERT INTO DetalleVenta (DetalleID, VentaID, ProductoID, Cantidad, PrecioVenta, Subtotal) VALUES (642, 195, 37, 2, 35.44, 70.88);
INSERT INTO DetalleVenta (DetalleID, VentaID, ProductoID, Cantidad, PrecioVenta, Subtotal) VALUES (643, 195, 61, 2, 23.52, 47.04);
UPDATE Venta SET Total = 296.8 WHERE VentaID = 195;
INSERT INTO Venta (VentaID, Fecha, Total, ClienteID, UsuarioID) VALUES (196, '2024-12-09', 0, 72, 3);
INSERT INTO DetalleVenta (DetalleID, VentaID, ProductoID, Cantidad, PrecioVenta, Subtotal) VALUES (644, 196, 69, 4, 22.5, 90.0);
INSERT INTO DetalleVenta (DetalleID, VentaID, ProductoID, Cantidad, PrecioVenta, Subtotal) VALUES (645, 196, 79, 3, 49.66, 148.98);
INSERT INTO DetalleVenta (DetalleID, VentaID, ProductoID, Cantidad, PrecioVenta, Subtotal) VALUES (646, 196, 4, 5, 7.65, 38.25);
UPDATE Venta SET Total = 277.23 WHERE VentaID = 196;
INSERT INTO Venta (VentaID, Fecha, Total, ClienteID, UsuarioID) VALUES (197, '2024-12-24', 0, 5, 2);
INSERT INTO DetalleVenta (DetalleID, VentaID, ProductoID, Cantidad, PrecioVenta, Subtotal) VALUES (647, 197, 63, 1, 23.23, 23.23);
INSERT INTO DetalleVenta (DetalleID, VentaID, ProductoID, Cantidad, PrecioVenta, Subtotal) VALUES (648, 197, 39, 1, 47.35, 47.35);
UPDATE Venta SET Total = 70.58 WHERE VentaID = 197;
INSERT INTO Venta (VentaID, Fecha, Total, ClienteID, UsuarioID) VALUES (198, '2024-12-09', 0, 12, 1);
INSERT INTO DetalleVenta (DetalleID, VentaID, ProductoID, Cantidad, PrecioVenta, Subtotal) VALUES (649, 198, 74, 3, 24.29, 72.87);
INSERT INTO DetalleVenta (DetalleID, VentaID, ProductoID, Cantidad, PrecioVenta, Subtotal) VALUES (650, 198, 51, 2, 44.72, 89.44);
INSERT INTO DetalleVenta (DetalleID, VentaID, ProductoID, Cantidad, PrecioVenta, Subtotal) VALUES (651, 198, 36, 2, 33.84, 67.68);
INSERT INTO DetalleVenta (DetalleID, VentaID, ProductoID, Cantidad, PrecioVenta, Subtotal) VALUES (652, 198, 60, 1, 3.05, 3.05);
INSERT INTO DetalleVenta (DetalleID, VentaID, ProductoID, Cantidad, PrecioVenta, Subtotal) VALUES (653, 198, 21, 2, 25.69, 51.38);
UPDATE Venta SET Total = 284.42 WHERE VentaID = 198;
INSERT INTO Venta (VentaID, Fecha, Total, ClienteID, UsuarioID) VALUES (199, '2024-12-24', 0, 93, 4);
INSERT INTO DetalleVenta (DetalleID, VentaID, ProductoID, Cantidad, PrecioVenta, Subtotal) VALUES (654, 199, 69, 3, 22.5, 67.5);
INSERT INTO DetalleVenta (DetalleID, VentaID, ProductoID, Cantidad, PrecioVenta, Subtotal) VALUES (655, 199, 17, 2, 29.86, 59.72);
INSERT INTO DetalleVenta (DetalleID, VentaID, ProductoID, Cantidad, PrecioVenta, Subtotal) VALUES (656, 199, 78, 1, 28.33, 28.33);
UPDATE Venta SET Total = 155.55 WHERE VentaID = 199;
INSERT INTO Venta (VentaID, Fecha, Total, ClienteID, UsuarioID) VALUES (200, '2024-12-12', 0, 47, 2);
INSERT INTO DetalleVenta (DetalleID, VentaID, ProductoID, Cantidad, PrecioVenta, Subtotal) VALUES (657, 200, 50, 3, 9.35, 28.05);
INSERT INTO DetalleVenta (DetalleID, VentaID, ProductoID, Cantidad, PrecioVenta, Subtotal) VALUES (658, 200, 55, 1, 35.02, 35.02);
INSERT INTO DetalleVenta (DetalleID, VentaID, ProductoID, Cantidad, PrecioVenta, Subtotal) VALUES (659, 200, 44, 1, 44.15, 44.15);
UPDATE Venta SET Total = 107.22 WHERE VentaID = 200;
INSERT INTO Venta (VentaID, Fecha, Total, ClienteID, UsuarioID) VALUES (201, '2024-12-25', 0, 48, 3);
INSERT INTO DetalleVenta (DetalleID, VentaID, ProductoID, Cantidad, PrecioVenta, Subtotal) VALUES (660, 201, 74, 2, 24.29, 48.58);
INSERT INTO DetalleVenta (DetalleID, VentaID, ProductoID, Cantidad, PrecioVenta, Subtotal) VALUES (661, 201, 6, 2, 12.11, 24.22);
INSERT INTO DetalleVenta (DetalleID, VentaID, ProductoID, Cantidad, PrecioVenta, Subtotal) VALUES (662, 201, 7, 1, 22.31, 22.31);
UPDATE Venta SET Total = 95.11 WHERE VentaID = 201;
INSERT INTO Venta (VentaID, Fecha, Total, ClienteID, UsuarioID) VALUES (202, '2024-12-07', 0, 59, 4);
INSERT INTO DetalleVenta (DetalleID, VentaID, ProductoID, Cantidad, PrecioVenta, Subtotal) VALUES (663, 202, 64, 1, 44.76, 44.76);
INSERT INTO DetalleVenta (DetalleID, VentaID, ProductoID, Cantidad, PrecioVenta, Subtotal) VALUES (664, 202, 2, 5, 38.88, 194.4);
INSERT INTO DetalleVenta (DetalleID, VentaID, ProductoID, Cantidad, PrecioVenta, Subtotal) VALUES (665, 202, 62, 1, 19.02, 19.02);
INSERT INTO DetalleVenta (DetalleID, VentaID, ProductoID, Cantidad, PrecioVenta, Subtotal) VALUES (666, 202, 19, 2, 48.63, 97.26);
INSERT INTO DetalleVenta (DetalleID, VentaID, ProductoID, Cantidad, PrecioVenta, Subtotal) VALUES (667, 202, 21, 4, 25.69, 102.76);
UPDATE Venta SET Total = 458.2 WHERE VentaID = 202;
INSERT INTO Venta (VentaID, Fecha, Total, ClienteID, UsuarioID) VALUES (203, '2024-12-16', 0, 52, 1);
INSERT INTO DetalleVenta (DetalleID, VentaID, ProductoID, Cantidad, PrecioVenta, Subtotal) VALUES (668, 203, 38, 4, 12.3, 49.2);
INSERT INTO DetalleVenta (DetalleID, VentaID, ProductoID, Cantidad, PrecioVenta, Subtotal) VALUES (669, 203, 60, 4, 3.05, 12.2);
INSERT INTO DetalleVenta (DetalleID, VentaID, ProductoID, Cantidad, PrecioVenta, Subtotal) VALUES (670, 203, 51, 5, 44.72, 223.6);
INSERT INTO DetalleVenta (DetalleID, VentaID, ProductoID, Cantidad, PrecioVenta, Subtotal) VALUES (671, 203, 23, 4, 48.44, 193.76);
UPDATE Venta SET Total = 478.76 WHERE VentaID = 203;
INSERT INTO Venta (VentaID, Fecha, Total, ClienteID, UsuarioID) VALUES (204, '2024-12-24', 0, 15, 4);
INSERT INTO DetalleVenta (DetalleID, VentaID, ProductoID, Cantidad, PrecioVenta, Subtotal) VALUES (672, 204, 69, 4, 22.5, 90.0);
INSERT INTO DetalleVenta (DetalleID, VentaID, ProductoID, Cantidad, PrecioVenta, Subtotal) VALUES (673, 204, 52, 1, 46.86, 46.86);
INSERT INTO DetalleVenta (DetalleID, VentaID, ProductoID, Cantidad, PrecioVenta, Subtotal) VALUES (674, 204, 32, 4, 33.44, 133.76);
INSERT INTO DetalleVenta (DetalleID, VentaID, ProductoID, Cantidad, PrecioVenta, Subtotal) VALUES (675, 204, 19, 3, 48.63, 145.89);
INSERT INTO DetalleVenta (DetalleID, VentaID, ProductoID, Cantidad, PrecioVenta, Subtotal) VALUES (676, 204, 28, 5, 48.97, 244.85);
UPDATE Venta SET Total = 661.36 WHERE VentaID = 204;
INSERT INTO Venta (VentaID, Fecha, Total, ClienteID, UsuarioID) VALUES (205, '2024-12-09', 0, 15, 4);
INSERT INTO DetalleVenta (DetalleID, VentaID, ProductoID, Cantidad, PrecioVenta, Subtotal) VALUES (677, 205, 50, 4, 9.35, 37.4);
INSERT INTO DetalleVenta (DetalleID, VentaID, ProductoID, Cantidad, PrecioVenta, Subtotal) VALUES (678, 205, 10, 1, 44.99, 44.99);
INSERT INTO DetalleVenta (DetalleID, VentaID, ProductoID, Cantidad, PrecioVenta, Subtotal) VALUES (679, 205, 14, 2, 45.31, 90.62);
INSERT INTO DetalleVenta (DetalleID, VentaID, ProductoID, Cantidad, PrecioVenta, Subtotal) VALUES (680, 205, 24, 1, 36.56, 36.56);
UPDATE Venta SET Total = 209.57 WHERE VentaID = 205;
INSERT INTO Venta (VentaID, Fecha, Total, ClienteID, UsuarioID) VALUES (206, '2024-12-15', 0, 50, 4);
INSERT INTO DetalleVenta (DetalleID, VentaID, ProductoID, Cantidad, PrecioVenta, Subtotal) VALUES (681, 206, 73, 4, 30.5, 122.0);
INSERT INTO DetalleVenta (DetalleID, VentaID, ProductoID, Cantidad, PrecioVenta, Subtotal) VALUES (682, 206, 35, 3, 43.04, 129.12);
UPDATE Venta SET Total = 251.12 WHERE VentaID = 206;
INSERT INTO Venta (VentaID, Fecha, Total, ClienteID, UsuarioID) VALUES (207, '2024-12-12', 0, 37, 5);
INSERT INTO DetalleVenta (DetalleID, VentaID, ProductoID, Cantidad, PrecioVenta, Subtotal) VALUES (683, 207, 71, 5, 30.5, 152.5);
INSERT INTO DetalleVenta (DetalleID, VentaID, ProductoID, Cantidad, PrecioVenta, Subtotal) VALUES (684, 207, 28, 2, 48.97, 97.94);
INSERT INTO DetalleVenta (DetalleID, VentaID, ProductoID, Cantidad, PrecioVenta, Subtotal) VALUES (685, 207, 34, 3, 21.63, 64.89);
UPDATE Venta SET Total = 315.33 WHERE VentaID = 207;
INSERT INTO Venta (VentaID, Fecha, Total, ClienteID, UsuarioID) VALUES (208, '2024-12-23', 0, 72, 1);
INSERT INTO DetalleVenta (DetalleID, VentaID, ProductoID, Cantidad, PrecioVenta, Subtotal) VALUES (686, 208, 69, 3, 22.5, 67.5);
INSERT INTO DetalleVenta (DetalleID, VentaID, ProductoID, Cantidad, PrecioVenta, Subtotal) VALUES (687, 208, 76, 1, 18.88, 18.88);
UPDATE Venta SET Total = 86.38 WHERE VentaID = 208;
INSERT INTO Venta (VentaID, Fecha, Total, ClienteID, UsuarioID) VALUES (209, '2024-12-12', 0, 62, 5);
INSERT INTO DetalleVenta (DetalleID, VentaID, ProductoID, Cantidad, PrecioVenta, Subtotal) VALUES (688, 209, 73, 3, 30.5, 91.5);
INSERT INTO DetalleVenta (DetalleID, VentaID, ProductoID, Cantidad, PrecioVenta, Subtotal) VALUES (689, 209, 19, 4, 48.63, 194.52);
INSERT INTO DetalleVenta (DetalleID, VentaID, ProductoID, Cantidad, PrecioVenta, Subtotal) VALUES (690, 209, 67, 4, 45.11, 180.44);
UPDATE Venta SET Total = 466.46 WHERE VentaID = 209;
INSERT INTO Venta (VentaID, Fecha, Total, ClienteID, UsuarioID) VALUES (210, '2024-12-16', 0, 45, 1);
INSERT INTO DetalleVenta (DetalleID, VentaID, ProductoID, Cantidad, PrecioVenta, Subtotal) VALUES (691, 210, 26, 4, 30.83, 123.32);
INSERT INTO DetalleVenta (DetalleID, VentaID, ProductoID, Cantidad, PrecioVenta, Subtotal) VALUES (692, 210, 29, 5, 45.87, 229.35);
INSERT INTO DetalleVenta (DetalleID, VentaID, ProductoID, Cantidad, PrecioVenta, Subtotal) VALUES (693, 210, 53, 1, 47.85, 47.85);
INSERT INTO DetalleVenta (DetalleID, VentaID, ProductoID, Cantidad, PrecioVenta, Subtotal) VALUES (694, 210, 80, 3, 23.7, 71.1);
UPDATE Venta SET Total = 471.62 WHERE VentaID = 210;
INSERT INTO Venta (VentaID, Fecha, Total, ClienteID, UsuarioID) VALUES (211, '2024-11-15', 0, 16, 3);
INSERT INTO DetalleVenta (DetalleID, VentaID, ProductoID, Cantidad, PrecioVenta, Subtotal) VALUES (695, 211, 49, 2, 19.43, 38.86);
INSERT INTO DetalleVenta (DetalleID, VentaID, ProductoID, Cantidad, PrecioVenta, Subtotal) VALUES (696, 211, 64, 1, 44.76, 44.76);
INSERT INTO DetalleVenta (DetalleID, VentaID, ProductoID, Cantidad, PrecioVenta, Subtotal) VALUES (697, 211, 8, 1, 47.81, 47.81);
INSERT INTO DetalleVenta (DetalleID, VentaID, ProductoID, Cantidad, PrecioVenta, Subtotal) VALUES (698, 211, 46, 1, 22.38, 22.38);
UPDATE Venta SET Total = 153.81 WHERE VentaID = 211;
INSERT INTO Venta (VentaID, Fecha, Total, ClienteID, UsuarioID) VALUES (212, '2024-11-01', 0, 44, 1);
INSERT INTO DetalleVenta (DetalleID, VentaID, ProductoID, Cantidad, PrecioVenta, Subtotal) VALUES (699, 212, 13, 3, 26.74, 80.22);
INSERT INTO DetalleVenta (DetalleID, VentaID, ProductoID, Cantidad, PrecioVenta, Subtotal) VALUES (700, 212, 60, 2, 3.05, 6.1);
UPDATE Venta SET Total = 86.32 WHERE VentaID = 212;
INSERT INTO Venta (VentaID, Fecha, Total, ClienteID, UsuarioID) VALUES (213, '2024-11-18', 0, 86, 1);
INSERT INTO DetalleVenta (DetalleID, VentaID, ProductoID, Cantidad, PrecioVenta, Subtotal) VALUES (701, 213, 38, 1, 12.3, 12.3);
INSERT INTO DetalleVenta (DetalleID, VentaID, ProductoID, Cantidad, PrecioVenta, Subtotal) VALUES (702, 213, 29, 2, 45.87, 91.74);
INSERT INTO DetalleVenta (DetalleID, VentaID, ProductoID, Cantidad, PrecioVenta, Subtotal) VALUES (703, 213, 75, 3, 38.24, 114.72);
INSERT INTO DetalleVenta (DetalleID, VentaID, ProductoID, Cantidad, PrecioVenta, Subtotal) VALUES (704, 213, 47, 4, 42.3, 169.2);
UPDATE Venta SET Total = 387.96 WHERE VentaID = 213;
INSERT INTO Venta (VentaID, Fecha, Total, ClienteID, UsuarioID) VALUES (214, '2024-11-04', 0, 48, 2);
INSERT INTO DetalleVenta (DetalleID, VentaID, ProductoID, Cantidad, PrecioVenta, Subtotal) VALUES (705, 214, 22, 4, 6.19, 24.76);
INSERT INTO DetalleVenta (DetalleID, VentaID, ProductoID, Cantidad, PrecioVenta, Subtotal) VALUES (706, 214, 23, 4, 48.44, 193.76);
INSERT INTO DetalleVenta (DetalleID, VentaID, ProductoID, Cantidad, PrecioVenta, Subtotal) VALUES (707, 214, 44, 3, 44.15, 132.45);
INSERT INTO DetalleVenta (DetalleID, VentaID, ProductoID, Cantidad, PrecioVenta, Subtotal) VALUES (708, 214, 57, 3, 49.39, 148.17);
INSERT INTO DetalleVenta (DetalleID, VentaID, ProductoID, Cantidad, PrecioVenta, Subtotal) VALUES (709, 214, 54, 5, 42.04, 210.2);
UPDATE Venta SET Total = 709.34 WHERE VentaID = 214;
INSERT INTO Venta (VentaID, Fecha, Total, ClienteID, UsuarioID) VALUES (215, '2024-11-14', 0, 43, 2);
INSERT INTO DetalleVenta (DetalleID, VentaID, ProductoID, Cantidad, PrecioVenta, Subtotal) VALUES (710, 215, 68, 2, 7.93, 15.86);
INSERT INTO DetalleVenta (DetalleID, VentaID, ProductoID, Cantidad, PrecioVenta, Subtotal) VALUES (711, 215, 19, 2, 48.63, 97.26);
UPDATE Venta SET Total = 113.12 WHERE VentaID = 215;
INSERT INTO Venta (VentaID, Fecha, Total, ClienteID, UsuarioID) VALUES (216, '2024-11-11', 0, 1, 3);
INSERT INTO DetalleVenta (DetalleID, VentaID, ProductoID, Cantidad, PrecioVenta, Subtotal) VALUES (712, 216, 74, 2, 24.29, 48.58);
INSERT INTO DetalleVenta (DetalleID, VentaID, ProductoID, Cantidad, PrecioVenta, Subtotal) VALUES (713, 216, 22, 4, 6.19, 24.76);
INSERT INTO DetalleVenta (DetalleID, VentaID, ProductoID, Cantidad, PrecioVenta, Subtotal) VALUES (714, 216, 69, 3, 22.5, 67.5);
UPDATE Venta SET Total = 140.84 WHERE VentaID = 216;
INSERT INTO Venta (VentaID, Fecha, Total, ClienteID, UsuarioID) VALUES (217, '2024-11-19', 0, 63, 5);
INSERT INTO DetalleVenta (DetalleID, VentaID, ProductoID, Cantidad, PrecioVenta, Subtotal) VALUES (715, 217, 64, 1, 44.76, 44.76);
INSERT INTO DetalleVenta (DetalleID, VentaID, ProductoID, Cantidad, PrecioVenta, Subtotal) VALUES (716, 217, 40, 2, 47.42, 94.84);
UPDATE Venta SET Total = 139.6 WHERE VentaID = 217;
INSERT INTO Venta (VentaID, Fecha, Total, ClienteID, UsuarioID) VALUES (218, '2024-11-04', 0, 22, 3);
INSERT INTO DetalleVenta (DetalleID, VentaID, ProductoID, Cantidad, PrecioVenta, Subtotal) VALUES (717, 218, 18, 2, 21.11, 42.22);
INSERT INTO DetalleVenta (DetalleID, VentaID, ProductoID, Cantidad, PrecioVenta, Subtotal) VALUES (718, 218, 67, 1, 45.11, 45.11);
INSERT INTO DetalleVenta (DetalleID, VentaID, ProductoID, Cantidad, PrecioVenta, Subtotal) VALUES (719, 218, 50, 5, 9.35, 46.75);
INSERT INTO DetalleVenta (DetalleID, VentaID, ProductoID, Cantidad, PrecioVenta, Subtotal) VALUES (720, 218, 39, 4, 47.35, 189.4);
UPDATE Venta SET Total = 323.48 WHERE VentaID = 218;
INSERT INTO Venta (VentaID, Fecha, Total, ClienteID, UsuarioID) VALUES (219, '2024-11-20', 0, 25, 3);
INSERT INTO DetalleVenta (DetalleID, VentaID, ProductoID, Cantidad, PrecioVenta, Subtotal) VALUES (721, 219, 71, 3, 30.5, 91.5);
INSERT INTO DetalleVenta (DetalleID, VentaID, ProductoID, Cantidad, PrecioVenta, Subtotal) VALUES (722, 219, 46, 1, 22.38, 22.38);
INSERT INTO DetalleVenta (DetalleID, VentaID, ProductoID, Cantidad, PrecioVenta, Subtotal) VALUES (723, 219, 19, 5, 48.63, 243.15);
INSERT INTO DetalleVenta (DetalleID, VentaID, ProductoID, Cantidad, PrecioVenta, Subtotal) VALUES (724, 219, 22, 5, 6.19, 30.95);
INSERT INTO DetalleVenta (DetalleID, VentaID, ProductoID, Cantidad, PrecioVenta, Subtotal) VALUES (725, 219, 7, 4, 22.31, 89.24);
UPDATE Venta SET Total = 477.22 WHERE VentaID = 219;
INSERT INTO Venta (VentaID, Fecha, Total, ClienteID, UsuarioID) VALUES (220, '2024-11-03', 0, 39, 4);
INSERT INTO DetalleVenta (DetalleID, VentaID, ProductoID, Cantidad, PrecioVenta, Subtotal) VALUES (726, 220, 35, 2, 43.04, 86.08);
INSERT INTO DetalleVenta (DetalleID, VentaID, ProductoID, Cantidad, PrecioVenta, Subtotal) VALUES (727, 220, 57, 1, 49.39, 49.39);
INSERT INTO DetalleVenta (DetalleID, VentaID, ProductoID, Cantidad, PrecioVenta, Subtotal) VALUES (728, 220, 9, 4, 11.09, 44.36);
INSERT INTO DetalleVenta (DetalleID, VentaID, ProductoID, Cantidad, PrecioVenta, Subtotal) VALUES (729, 220, 24, 2, 36.56, 73.12);
INSERT INTO DetalleVenta (DetalleID, VentaID, ProductoID, Cantidad, PrecioVenta, Subtotal) VALUES (730, 220, 78, 1, 28.33, 28.33);
UPDATE Venta SET Total = 281.28 WHERE VentaID = 220;
INSERT INTO Venta (VentaID, Fecha, Total, ClienteID, UsuarioID) VALUES (221, '2024-11-16', 0, 32, 5);
INSERT INTO DetalleVenta (DetalleID, VentaID, ProductoID, Cantidad, PrecioVenta, Subtotal) VALUES (731, 221, 18, 2, 21.11, 42.22);
INSERT INTO DetalleVenta (DetalleID, VentaID, ProductoID, Cantidad, PrecioVenta, Subtotal) VALUES (732, 221, 67, 5, 45.11, 225.55);
INSERT INTO DetalleVenta (DetalleID, VentaID, ProductoID, Cantidad, PrecioVenta, Subtotal) VALUES (733, 221, 69, 2, 22.5, 45.0);
INSERT INTO DetalleVenta (DetalleID, VentaID, ProductoID, Cantidad, PrecioVenta, Subtotal) VALUES (734, 221, 42, 5, 42.81, 214.05);
INSERT INTO DetalleVenta (DetalleID, VentaID, ProductoID, Cantidad, PrecioVenta, Subtotal) VALUES (735, 221, 52, 3, 46.86, 140.58);
UPDATE Venta SET Total = 667.4 WHERE VentaID = 221;
INSERT INTO Venta (VentaID, Fecha, Total, ClienteID, UsuarioID) VALUES (222, '2024-11-28', 0, 66, 3);
INSERT INTO DetalleVenta (DetalleID, VentaID, ProductoID, Cantidad, PrecioVenta, Subtotal) VALUES (736, 222, 10, 1, 44.99, 44.99);
INSERT INTO DetalleVenta (DetalleID, VentaID, ProductoID, Cantidad, PrecioVenta, Subtotal) VALUES (737, 222, 46, 5, 22.38, 111.9);
INSERT INTO DetalleVenta (DetalleID, VentaID, ProductoID, Cantidad, PrecioVenta, Subtotal) VALUES (738, 222, 26, 5, 30.83, 154.15);
INSERT INTO DetalleVenta (DetalleID, VentaID, ProductoID, Cantidad, PrecioVenta, Subtotal) VALUES (739, 222, 5, 4, 28.89, 115.56);
UPDATE Venta SET Total = 426.6 WHERE VentaID = 222;
INSERT INTO Venta (VentaID, Fecha, Total, ClienteID, UsuarioID) VALUES (223, '2024-11-12', 0, 28, 4);
INSERT INTO DetalleVenta (DetalleID, VentaID, ProductoID, Cantidad, PrecioVenta, Subtotal) VALUES (740, 223, 65, 1, 33.75, 33.75);
INSERT INTO DetalleVenta (DetalleID, VentaID, ProductoID, Cantidad, PrecioVenta, Subtotal) VALUES (741, 223, 18, 5, 21.11, 105.55);
INSERT INTO DetalleVenta (DetalleID, VentaID, ProductoID, Cantidad, PrecioVenta, Subtotal) VALUES (742, 223, 76, 4, 18.88, 75.52);
INSERT INTO DetalleVenta (DetalleID, VentaID, ProductoID, Cantidad, PrecioVenta, Subtotal) VALUES (743, 223, 10, 1, 44.99, 44.99);
UPDATE Venta SET Total = 259.81 WHERE VentaID = 223;
INSERT INTO Venta (VentaID, Fecha, Total, ClienteID, UsuarioID) VALUES (224, '2024-11-14', 0, 56, 5);
INSERT INTO DetalleVenta (DetalleID, VentaID, ProductoID, Cantidad, PrecioVenta, Subtotal) VALUES (744, 224, 37, 5, 35.44, 177.2);
INSERT INTO DetalleVenta (DetalleID, VentaID, ProductoID, Cantidad, PrecioVenta, Subtotal) VALUES (745, 224, 6, 2, 12.11, 24.22);
INSERT INTO DetalleVenta (DetalleID, VentaID, ProductoID, Cantidad, PrecioVenta, Subtotal) VALUES (746, 224, 67, 1, 45.11, 45.11);
INSERT INTO DetalleVenta (DetalleID, VentaID, ProductoID, Cantidad, PrecioVenta, Subtotal) VALUES (747, 224, 47, 3, 42.3, 126.9);
UPDATE Venta SET Total = 373.43 WHERE VentaID = 224;
INSERT INTO Venta (VentaID, Fecha, Total, ClienteID, UsuarioID) VALUES (225, '2024-11-08', 0, 52, 1);
INSERT INTO DetalleVenta (DetalleID, VentaID, ProductoID, Cantidad, PrecioVenta, Subtotal) VALUES (748, 225, 65, 3, 33.75, 101.25);
INSERT INTO DetalleVenta (DetalleID, VentaID, ProductoID, Cantidad, PrecioVenta, Subtotal) VALUES (749, 225, 59, 1, 40.02, 40.02);
INSERT INTO DetalleVenta (DetalleID, VentaID, ProductoID, Cantidad, PrecioVenta, Subtotal) VALUES (750, 225, 53, 5, 47.85, 239.25);
INSERT INTO DetalleVenta (DetalleID, VentaID, ProductoID, Cantidad, PrecioVenta, Subtotal) VALUES (751, 225, 14, 4, 45.31, 181.24);
UPDATE Venta SET Total = 561.76 WHERE VentaID = 225;
INSERT INTO Venta (VentaID, Fecha, Total, ClienteID, UsuarioID) VALUES (226, '2024-11-16', 0, 15, 2);
INSERT INTO DetalleVenta (DetalleID, VentaID, ProductoID, Cantidad, PrecioVenta, Subtotal) VALUES (752, 226, 53, 2, 47.85, 95.7);
INSERT INTO DetalleVenta (DetalleID, VentaID, ProductoID, Cantidad, PrecioVenta, Subtotal) VALUES (753, 226, 78, 1, 28.33, 28.33);
UPDATE Venta SET Total = 124.03 WHERE VentaID = 226;
INSERT INTO Venta (VentaID, Fecha, Total, ClienteID, UsuarioID) VALUES (227, '2024-11-10', 0, 44, 1);
INSERT INTO DetalleVenta (DetalleID, VentaID, ProductoID, Cantidad, PrecioVenta, Subtotal) VALUES (754, 227, 35, 1, 43.04, 43.04);
INSERT INTO DetalleVenta (DetalleID, VentaID, ProductoID, Cantidad, PrecioVenta, Subtotal) VALUES (755, 227, 71, 3, 30.5, 91.5);
INSERT INTO DetalleVenta (DetalleID, VentaID, ProductoID, Cantidad, PrecioVenta, Subtotal) VALUES (756, 227, 18, 1, 21.11, 21.11);
UPDATE Venta SET Total = 155.65 WHERE VentaID = 227;
INSERT INTO Venta (VentaID, Fecha, Total, ClienteID, UsuarioID) VALUES (228, '2024-11-24', 0, 5, 2);
INSERT INTO DetalleVenta (DetalleID, VentaID, ProductoID, Cantidad, PrecioVenta, Subtotal) VALUES (757, 228, 44, 4, 44.15, 176.6);
INSERT INTO DetalleVenta (DetalleID, VentaID, ProductoID, Cantidad, PrecioVenta, Subtotal) VALUES (758, 228, 48, 4, 15.09, 60.36);
INSERT INTO DetalleVenta (DetalleID, VentaID, ProductoID, Cantidad, PrecioVenta, Subtotal) VALUES (759, 228, 22, 4, 6.19, 24.76);
INSERT INTO DetalleVenta (DetalleID, VentaID, ProductoID, Cantidad, PrecioVenta, Subtotal) VALUES (760, 228, 25, 4, 20.64, 82.56);
UPDATE Venta SET Total = 344.28 WHERE VentaID = 228;
INSERT INTO Venta (VentaID, Fecha, Total, ClienteID, UsuarioID) VALUES (229, '2024-11-28', 0, 37, 1);
INSERT INTO DetalleVenta (DetalleID, VentaID, ProductoID, Cantidad, PrecioVenta, Subtotal) VALUES (761, 229, 22, 4, 6.19, 24.76);
INSERT INTO DetalleVenta (DetalleID, VentaID, ProductoID, Cantidad, PrecioVenta, Subtotal) VALUES (762, 229, 70, 4, 13.62, 54.48);
INSERT INTO DetalleVenta (DetalleID, VentaID, ProductoID, Cantidad, PrecioVenta, Subtotal) VALUES (763, 229, 10, 4, 44.99, 179.96);
UPDATE Venta SET Total = 259.2 WHERE VentaID = 229;
INSERT INTO Venta (VentaID, Fecha, Total, ClienteID, UsuarioID) VALUES (230, '2024-11-26', 0, 27, 1);
INSERT INTO DetalleVenta (DetalleID, VentaID, ProductoID, Cantidad, PrecioVenta, Subtotal) VALUES (764, 230, 27, 3, 7.89, 23.67);
INSERT INTO DetalleVenta (DetalleID, VentaID, ProductoID, Cantidad, PrecioVenta, Subtotal) VALUES (765, 230, 65, 1, 33.75, 33.75);
INSERT INTO DetalleVenta (DetalleID, VentaID, ProductoID, Cantidad, PrecioVenta, Subtotal) VALUES (766, 230, 37, 1, 35.44, 35.44);
INSERT INTO DetalleVenta (DetalleID, VentaID, ProductoID, Cantidad, PrecioVenta, Subtotal) VALUES (767, 230, 24, 1, 36.56, 36.56);
INSERT INTO DetalleVenta (DetalleID, VentaID, ProductoID, Cantidad, PrecioVenta, Subtotal) VALUES (768, 230, 33, 4, 39.43, 157.72);
UPDATE Venta SET Total = 287.14 WHERE VentaID = 230;
INSERT INTO Venta (VentaID, Fecha, Total, ClienteID, UsuarioID) VALUES (231, '2024-11-10', 0, 55, 3);
INSERT INTO DetalleVenta (DetalleID, VentaID, ProductoID, Cantidad, PrecioVenta, Subtotal) VALUES (769, 231, 74, 2, 24.29, 48.58);
INSERT INTO DetalleVenta (DetalleID, VentaID, ProductoID, Cantidad, PrecioVenta, Subtotal) VALUES (770, 231, 65, 3, 33.75, 101.25);
INSERT INTO DetalleVenta (DetalleID, VentaID, ProductoID, Cantidad, PrecioVenta, Subtotal) VALUES (771, 231, 10, 1, 44.99, 44.99);
INSERT INTO DetalleVenta (DetalleID, VentaID, ProductoID, Cantidad, PrecioVenta, Subtotal) VALUES (772, 231, 54, 2, 42.04, 84.08);
UPDATE Venta SET Total = 278.9 WHERE VentaID = 231;
INSERT INTO Venta (VentaID, Fecha, Total, ClienteID, UsuarioID) VALUES (232, '2024-11-06', 0, 21, 5);
INSERT INTO DetalleVenta (DetalleID, VentaID, ProductoID, Cantidad, PrecioVenta, Subtotal) VALUES (773, 232, 10, 4, 44.99, 179.96);
INSERT INTO DetalleVenta (DetalleID, VentaID, ProductoID, Cantidad, PrecioVenta, Subtotal) VALUES (774, 232, 8, 3, 47.81, 143.43);
INSERT INTO DetalleVenta (DetalleID, VentaID, ProductoID, Cantidad, PrecioVenta, Subtotal) VALUES (775, 232, 73, 2, 30.5, 61.0);
UPDATE Venta SET Total = 384.39 WHERE VentaID = 232;
INSERT INTO Venta (VentaID, Fecha, Total, ClienteID, UsuarioID) VALUES (233, '2024-11-01', 0, 2, 4);
INSERT INTO DetalleVenta (DetalleID, VentaID, ProductoID, Cantidad, PrecioVenta, Subtotal) VALUES (776, 233, 46, 2, 22.38, 44.76);
INSERT INTO DetalleVenta (DetalleID, VentaID, ProductoID, Cantidad, PrecioVenta, Subtotal) VALUES (777, 233, 65, 5, 33.75, 168.75);
INSERT INTO DetalleVenta (DetalleID, VentaID, ProductoID, Cantidad, PrecioVenta, Subtotal) VALUES (778, 233, 17, 1, 29.86, 29.86);
INSERT INTO DetalleVenta (DetalleID, VentaID, ProductoID, Cantidad, PrecioVenta, Subtotal) VALUES (779, 233, 62, 2, 19.02, 38.04);
INSERT INTO DetalleVenta (DetalleID, VentaID, ProductoID, Cantidad, PrecioVenta, Subtotal) VALUES (780, 233, 21, 5, 25.69, 128.45);
UPDATE Venta SET Total = 409.86 WHERE VentaID = 233;
INSERT INTO Venta (VentaID, Fecha, Total, ClienteID, UsuarioID) VALUES (234, '2024-11-22', 0, 50, 5);
INSERT INTO DetalleVenta (DetalleID, VentaID, ProductoID, Cantidad, PrecioVenta, Subtotal) VALUES (781, 234, 62, 4, 19.02, 76.08);
INSERT INTO DetalleVenta (DetalleID, VentaID, ProductoID, Cantidad, PrecioVenta, Subtotal) VALUES (782, 234, 32, 5, 33.44, 167.2);
INSERT INTO DetalleVenta (DetalleID, VentaID, ProductoID, Cantidad, PrecioVenta, Subtotal) VALUES (783, 234, 60, 2, 3.05, 6.1);
UPDATE Venta SET Total = 249.38 WHERE VentaID = 234;
INSERT INTO Venta (VentaID, Fecha, Total, ClienteID, UsuarioID) VALUES (235, '2024-11-07', 0, 98, 3);
INSERT INTO DetalleVenta (DetalleID, VentaID, ProductoID, Cantidad, PrecioVenta, Subtotal) VALUES (784, 235, 56, 3, 3.82, 11.46);
INSERT INTO DetalleVenta (DetalleID, VentaID, ProductoID, Cantidad, PrecioVenta, Subtotal) VALUES (785, 235, 6, 3, 12.11, 36.33);
INSERT INTO DetalleVenta (DetalleID, VentaID, ProductoID, Cantidad, PrecioVenta, Subtotal) VALUES (786, 235, 59, 4, 40.02, 160.08);
INSERT INTO DetalleVenta (DetalleID, VentaID, ProductoID, Cantidad, PrecioVenta, Subtotal) VALUES (787, 235, 3, 5, 1.75, 8.75);
UPDATE Venta SET Total = 216.62 WHERE VentaID = 235;
INSERT INTO Venta (VentaID, Fecha, Total, ClienteID, UsuarioID) VALUES (236, '2024-11-23', 0, 27, 4);
INSERT INTO DetalleVenta (DetalleID, VentaID, ProductoID, Cantidad, PrecioVenta, Subtotal) VALUES (788, 236, 3, 1, 1.75, 1.75);
INSERT INTO DetalleVenta (DetalleID, VentaID, ProductoID, Cantidad, PrecioVenta, Subtotal) VALUES (789, 236, 9, 5, 11.09, 55.45);
UPDATE Venta SET Total = 57.2 WHERE VentaID = 236;
INSERT INTO Venta (VentaID, Fecha, Total, ClienteID, UsuarioID) VALUES (237, '2024-11-03', 0, 68, 2);
INSERT INTO DetalleVenta (DetalleID, VentaID, ProductoID, Cantidad, PrecioVenta, Subtotal) VALUES (790, 237, 17, 5, 29.86, 149.3);
INSERT INTO DetalleVenta (DetalleID, VentaID, ProductoID, Cantidad, PrecioVenta, Subtotal) VALUES (791, 237, 4, 2, 7.65, 15.3);
UPDATE Venta SET Total = 164.6 WHERE VentaID = 237;
INSERT INTO Venta (VentaID, Fecha, Total, ClienteID, UsuarioID) VALUES (238, '2024-11-06', 0, 79, 2);
INSERT INTO DetalleVenta (DetalleID, VentaID, ProductoID, Cantidad, PrecioVenta, Subtotal) VALUES (792, 238, 50, 4, 9.35, 37.4);
INSERT INTO DetalleVenta (DetalleID, VentaID, ProductoID, Cantidad, PrecioVenta, Subtotal) VALUES (793, 238, 42, 4, 42.81, 171.24);
INSERT INTO DetalleVenta (DetalleID, VentaID, ProductoID, Cantidad, PrecioVenta, Subtotal) VALUES (794, 238, 76, 2, 18.88, 37.76);
INSERT INTO DetalleVenta (DetalleID, VentaID, ProductoID, Cantidad, PrecioVenta, Subtotal) VALUES (795, 238, 59, 3, 40.02, 120.06);
UPDATE Venta SET Total = 366.46 WHERE VentaID = 238;
INSERT INTO Venta (VentaID, Fecha, Total, ClienteID, UsuarioID) VALUES (239, '2024-11-21', 0, 59, 5);
INSERT INTO DetalleVenta (DetalleID, VentaID, ProductoID, Cantidad, PrecioVenta, Subtotal) VALUES (796, 239, 4, 3, 7.65, 22.95);
INSERT INTO DetalleVenta (DetalleID, VentaID, ProductoID, Cantidad, PrecioVenta, Subtotal) VALUES (797, 239, 55, 3, 35.02, 105.06);
INSERT INTO DetalleVenta (DetalleID, VentaID, ProductoID, Cantidad, PrecioVenta, Subtotal) VALUES (798, 239, 48, 5, 15.09, 75.45);
UPDATE Venta SET Total = 203.46 WHERE VentaID = 239;
INSERT INTO Venta (VentaID, Fecha, Total, ClienteID, UsuarioID) VALUES (240, '2024-11-15', 0, 65, 5);
INSERT INTO DetalleVenta (DetalleID, VentaID, ProductoID, Cantidad, PrecioVenta, Subtotal) VALUES (799, 240, 23, 3, 48.44, 145.32);
INSERT INTO DetalleVenta (DetalleID, VentaID, ProductoID, Cantidad, PrecioVenta, Subtotal) VALUES (800, 240, 1, 5, 2.13, 10.65);
INSERT INTO DetalleVenta (DetalleID, VentaID, ProductoID, Cantidad, PrecioVenta, Subtotal) VALUES (801, 240, 10, 5, 44.99, 224.95);
INSERT INTO DetalleVenta (DetalleID, VentaID, ProductoID, Cantidad, PrecioVenta, Subtotal) VALUES (802, 240, 47, 5, 42.3, 211.5);
INSERT INTO DetalleVenta (DetalleID, VentaID, ProductoID, Cantidad, PrecioVenta, Subtotal) VALUES (803, 240, 65, 3, 33.75, 101.25);
UPDATE Venta SET Total = 693.67 WHERE VentaID = 240;
INSERT INTO Venta (VentaID, Fecha, Total, ClienteID, UsuarioID) VALUES (241, '2024-10-23', 0, 78, 4);
INSERT INTO DetalleVenta (DetalleID, VentaID, ProductoID, Cantidad, PrecioVenta, Subtotal) VALUES (804, 241, 43, 4, 11.03, 44.12);
INSERT INTO DetalleVenta (DetalleID, VentaID, ProductoID, Cantidad, PrecioVenta, Subtotal) VALUES (805, 241, 77, 2, 23.27, 46.54);
UPDATE Venta SET Total = 90.66 WHERE VentaID = 241;
INSERT INTO Venta (VentaID, Fecha, Total, ClienteID, UsuarioID) VALUES (242, '2024-10-22', 0, 22, 4);
INSERT INTO DetalleVenta (DetalleID, VentaID, ProductoID, Cantidad, PrecioVenta, Subtotal) VALUES (806, 242, 49, 5, 19.43, 97.15);
INSERT INTO DetalleVenta (DetalleID, VentaID, ProductoID, Cantidad, PrecioVenta, Subtotal) VALUES (807, 242, 35, 3, 43.04, 129.12);
INSERT INTO DetalleVenta (DetalleID, VentaID, ProductoID, Cantidad, PrecioVenta, Subtotal) VALUES (808, 242, 52, 2, 46.86, 93.72);
UPDATE Venta SET Total = 319.99 WHERE VentaID = 242;
INSERT INTO Venta (VentaID, Fecha, Total, ClienteID, UsuarioID) VALUES (243, '2024-10-02', 0, 7, 2);
INSERT INTO DetalleVenta (DetalleID, VentaID, ProductoID, Cantidad, PrecioVenta, Subtotal) VALUES (809, 243, 6, 3, 12.11, 36.33);
INSERT INTO DetalleVenta (DetalleID, VentaID, ProductoID, Cantidad, PrecioVenta, Subtotal) VALUES (810, 243, 59, 3, 40.02, 120.06);
INSERT INTO DetalleVenta (DetalleID, VentaID, ProductoID, Cantidad, PrecioVenta, Subtotal) VALUES (811, 243, 38, 5, 12.3, 61.5);
INSERT INTO DetalleVenta (DetalleID, VentaID, ProductoID, Cantidad, PrecioVenta, Subtotal) VALUES (812, 243, 57, 1, 49.39, 49.39);
INSERT INTO DetalleVenta (DetalleID, VentaID, ProductoID, Cantidad, PrecioVenta, Subtotal) VALUES (813, 243, 18, 1, 21.11, 21.11);
UPDATE Venta SET Total = 288.39 WHERE VentaID = 243;
INSERT INTO Venta (VentaID, Fecha, Total, ClienteID, UsuarioID) VALUES (244, '2024-10-28', 0, 92, 4);
INSERT INTO DetalleVenta (DetalleID, VentaID, ProductoID, Cantidad, PrecioVenta, Subtotal) VALUES (814, 244, 11, 1, 26.15, 26.15);
INSERT INTO DetalleVenta (DetalleID, VentaID, ProductoID, Cantidad, PrecioVenta, Subtotal) VALUES (815, 244, 69, 2, 22.5, 45.0);
UPDATE Venta SET Total = 71.15 WHERE VentaID = 244;
INSERT INTO Venta (VentaID, Fecha, Total, ClienteID, UsuarioID) VALUES (245, '2024-10-17', 0, 69, 1);
INSERT INTO DetalleVenta (DetalleID, VentaID, ProductoID, Cantidad, PrecioVenta, Subtotal) VALUES (816, 245, 52, 3, 46.86, 140.58);
INSERT INTO DetalleVenta (DetalleID, VentaID, ProductoID, Cantidad, PrecioVenta, Subtotal) VALUES (817, 245, 56, 3, 3.82, 11.46);
UPDATE Venta SET Total = 152.04 WHERE VentaID = 245;
INSERT INTO Venta (VentaID, Fecha, Total, ClienteID, UsuarioID) VALUES (246, '2024-10-21', 0, 33, 4);
INSERT INTO DetalleVenta (DetalleID, VentaID, ProductoID, Cantidad, PrecioVenta, Subtotal) VALUES (818, 246, 28, 3, 48.97, 146.91);
INSERT INTO DetalleVenta (DetalleID, VentaID, ProductoID, Cantidad, PrecioVenta, Subtotal) VALUES (819, 246, 11, 5, 26.15, 130.75);
INSERT INTO DetalleVenta (DetalleID, VentaID, ProductoID, Cantidad, PrecioVenta, Subtotal) VALUES (820, 246, 33, 2, 39.43, 78.86);
INSERT INTO DetalleVenta (DetalleID, VentaID, ProductoID, Cantidad, PrecioVenta, Subtotal) VALUES (821, 246, 78, 4, 28.33, 113.32);
UPDATE Venta SET Total = 469.84 WHERE VentaID = 246;
INSERT INTO Venta (VentaID, Fecha, Total, ClienteID, UsuarioID) VALUES (247, '2024-10-13', 0, 87, 5);
INSERT INTO DetalleVenta (DetalleID, VentaID, ProductoID, Cantidad, PrecioVenta, Subtotal) VALUES (822, 247, 54, 5, 42.04, 210.2);
INSERT INTO DetalleVenta (DetalleID, VentaID, ProductoID, Cantidad, PrecioVenta, Subtotal) VALUES (823, 247, 76, 1, 18.88, 18.88);
INSERT INTO DetalleVenta (DetalleID, VentaID, ProductoID, Cantidad, PrecioVenta, Subtotal) VALUES (824, 247, 69, 4, 22.5, 90.0);
INSERT INTO DetalleVenta (DetalleID, VentaID, ProductoID, Cantidad, PrecioVenta, Subtotal) VALUES (825, 247, 37, 3, 35.44, 106.32);
INSERT INTO DetalleVenta (DetalleID, VentaID, ProductoID, Cantidad, PrecioVenta, Subtotal) VALUES (826, 247, 13, 5, 26.74, 133.7);
UPDATE Venta SET Total = 559.1 WHERE VentaID = 247;
INSERT INTO Venta (VentaID, Fecha, Total, ClienteID, UsuarioID) VALUES (248, '2024-10-10', 0, 34, 3);
INSERT INTO DetalleVenta (DetalleID, VentaID, ProductoID, Cantidad, PrecioVenta, Subtotal) VALUES (827, 248, 1, 4, 2.13, 8.52);
INSERT INTO DetalleVenta (DetalleID, VentaID, ProductoID, Cantidad, PrecioVenta, Subtotal) VALUES (828, 248, 49, 3, 19.43, 58.29);
INSERT INTO DetalleVenta (DetalleID, VentaID, ProductoID, Cantidad, PrecioVenta, Subtotal) VALUES (829, 248, 10, 4, 44.99, 179.96);
UPDATE Venta SET Total = 246.77 WHERE VentaID = 248;
INSERT INTO Venta (VentaID, Fecha, Total, ClienteID, UsuarioID) VALUES (249, '2024-10-23', 0, 1, 4);
INSERT INTO DetalleVenta (DetalleID, VentaID, ProductoID, Cantidad, PrecioVenta, Subtotal) VALUES (830, 249, 74, 3, 24.29, 72.87);
INSERT INTO DetalleVenta (DetalleID, VentaID, ProductoID, Cantidad, PrecioVenta, Subtotal) VALUES (831, 249, 14, 1, 45.31, 45.31);
INSERT INTO DetalleVenta (DetalleID, VentaID, ProductoID, Cantidad, PrecioVenta, Subtotal) VALUES (832, 249, 54, 3, 42.04, 126.12);
INSERT INTO DetalleVenta (DetalleID, VentaID, ProductoID, Cantidad, PrecioVenta, Subtotal) VALUES (833, 249, 45, 2, 42.47, 84.94);
INSERT INTO DetalleVenta (DetalleID, VentaID, ProductoID, Cantidad, PrecioVenta, Subtotal) VALUES (834, 249, 17, 3, 29.86, 89.58);
UPDATE Venta SET Total = 418.82 WHERE VentaID = 249;
INSERT INTO Venta (VentaID, Fecha, Total, ClienteID, UsuarioID) VALUES (250, '2024-10-07', 0, 96, 3);
INSERT INTO DetalleVenta (DetalleID, VentaID, ProductoID, Cantidad, PrecioVenta, Subtotal) VALUES (835, 250, 77, 1, 23.27, 23.27);
INSERT INTO DetalleVenta (DetalleID, VentaID, ProductoID, Cantidad, PrecioVenta, Subtotal) VALUES (836, 250, 67, 5, 45.11, 225.55);
INSERT INTO DetalleVenta (DetalleID, VentaID, ProductoID, Cantidad, PrecioVenta, Subtotal) VALUES (837, 250, 6, 3, 12.11, 36.33);
INSERT INTO DetalleVenta (DetalleID, VentaID, ProductoID, Cantidad, PrecioVenta, Subtotal) VALUES (838, 250, 65, 4, 33.75, 135.0);
UPDATE Venta SET Total = 420.15 WHERE VentaID = 250;
INSERT INTO Venta (VentaID, Fecha, Total, ClienteID, UsuarioID) VALUES (251, '2024-10-21', 0, 10, 3);
INSERT INTO DetalleVenta (DetalleID, VentaID, ProductoID, Cantidad, PrecioVenta, Subtotal) VALUES (839, 251, 70, 2, 13.62, 27.24);
INSERT INTO DetalleVenta (DetalleID, VentaID, ProductoID, Cantidad, PrecioVenta, Subtotal) VALUES (840, 251, 48, 4, 15.09, 60.36);
INSERT INTO DetalleVenta (DetalleID, VentaID, ProductoID, Cantidad, PrecioVenta, Subtotal) VALUES (841, 251, 9, 5, 11.09, 55.45);
INSERT INTO DetalleVenta (DetalleID, VentaID, ProductoID, Cantidad, PrecioVenta, Subtotal) VALUES (842, 251, 64, 3, 44.76, 134.28);
INSERT INTO DetalleVenta (DetalleID, VentaID, ProductoID, Cantidad, PrecioVenta, Subtotal) VALUES (843, 251, 56, 3, 3.82, 11.46);
UPDATE Venta SET Total = 288.79 WHERE VentaID = 251;
INSERT INTO Venta (VentaID, Fecha, Total, ClienteID, UsuarioID) VALUES (252, '2024-10-18', 0, 30, 2);
INSERT INTO DetalleVenta (DetalleID, VentaID, ProductoID, Cantidad, PrecioVenta, Subtotal) VALUES (844, 252, 36, 5, 33.84, 169.2);
INSERT INTO DetalleVenta (DetalleID, VentaID, ProductoID, Cantidad, PrecioVenta, Subtotal) VALUES (845, 252, 2, 4, 38.88, 155.52);
UPDATE Venta SET Total = 324.72 WHERE VentaID = 252;
INSERT INTO Venta (VentaID, Fecha, Total, ClienteID, UsuarioID) VALUES (253, '2024-10-15', 0, 35, 2);
INSERT INTO DetalleVenta (DetalleID, VentaID, ProductoID, Cantidad, PrecioVenta, Subtotal) VALUES (846, 253, 39, 2, 47.35, 94.7);
INSERT INTO DetalleVenta (DetalleID, VentaID, ProductoID, Cantidad, PrecioVenta, Subtotal) VALUES (847, 253, 22, 1, 6.19, 6.19);
INSERT INTO DetalleVenta (DetalleID, VentaID, ProductoID, Cantidad, PrecioVenta, Subtotal) VALUES (848, 253, 61, 2, 23.52, 47.04);
UPDATE Venta SET Total = 147.93 WHERE VentaID = 253;
INSERT INTO Venta (VentaID, Fecha, Total, ClienteID, UsuarioID) VALUES (254, '2024-10-03', 0, 70, 5);
INSERT INTO DetalleVenta (DetalleID, VentaID, ProductoID, Cantidad, PrecioVenta, Subtotal) VALUES (849, 254, 71, 2, 30.5, 61.0);
INSERT INTO DetalleVenta (DetalleID, VentaID, ProductoID, Cantidad, PrecioVenta, Subtotal) VALUES (850, 254, 60, 3, 3.05, 9.15);
INSERT INTO DetalleVenta (DetalleID, VentaID, ProductoID, Cantidad, PrecioVenta, Subtotal) VALUES (851, 254, 74, 3, 24.29, 72.87);
INSERT INTO DetalleVenta (DetalleID, VentaID, ProductoID, Cantidad, PrecioVenta, Subtotal) VALUES (852, 254, 73, 4, 30.5, 122.0);
UPDATE Venta SET Total = 265.02 WHERE VentaID = 254;
INSERT INTO Venta (VentaID, Fecha, Total, ClienteID, UsuarioID) VALUES (255, '2024-10-06', 0, 57, 1);
INSERT INTO DetalleVenta (DetalleID, VentaID, ProductoID, Cantidad, PrecioVenta, Subtotal) VALUES (853, 255, 29, 2, 45.87, 91.74);
INSERT INTO DetalleVenta (DetalleID, VentaID, ProductoID, Cantidad, PrecioVenta, Subtotal) VALUES (854, 255, 33, 2, 39.43, 78.86);
INSERT INTO DetalleVenta (DetalleID, VentaID, ProductoID, Cantidad, PrecioVenta, Subtotal) VALUES (855, 255, 35, 2, 43.04, 86.08);
INSERT INTO DetalleVenta (DetalleID, VentaID, ProductoID, Cantidad, PrecioVenta, Subtotal) VALUES (856, 255, 20, 4, 34.61, 138.44);
UPDATE Venta SET Total = 395.12 WHERE VentaID = 255;
INSERT INTO Venta (VentaID, Fecha, Total, ClienteID, UsuarioID) VALUES (256, '2024-10-12', 0, 57, 2);
INSERT INTO DetalleVenta (DetalleID, VentaID, ProductoID, Cantidad, PrecioVenta, Subtotal) VALUES (857, 256, 67, 1, 45.11, 45.11);
INSERT INTO DetalleVenta (DetalleID, VentaID, ProductoID, Cantidad, PrecioVenta, Subtotal) VALUES (858, 256, 29, 3, 45.87, 137.61);
INSERT INTO DetalleVenta (DetalleID, VentaID, ProductoID, Cantidad, PrecioVenta, Subtotal) VALUES (859, 256, 46, 5, 22.38, 111.9);
INSERT INTO DetalleVenta (DetalleID, VentaID, ProductoID, Cantidad, PrecioVenta, Subtotal) VALUES (860, 256, 63, 3, 23.23, 69.69);
UPDATE Venta SET Total = 364.31 WHERE VentaID = 256;
INSERT INTO Venta (VentaID, Fecha, Total, ClienteID, UsuarioID) VALUES (257, '2024-10-27', 0, 59, 5);
INSERT INTO DetalleVenta (DetalleID, VentaID, ProductoID, Cantidad, PrecioVenta, Subtotal) VALUES (861, 257, 17, 1, 29.86, 29.86);
INSERT INTO DetalleVenta (DetalleID, VentaID, ProductoID, Cantidad, PrecioVenta, Subtotal) VALUES (862, 257, 9, 3, 11.09, 33.27);
UPDATE Venta SET Total = 63.13 WHERE VentaID = 257;
INSERT INTO Venta (VentaID, Fecha, Total, ClienteID, UsuarioID) VALUES (258, '2024-10-13', 0, 61, 3);
INSERT INTO DetalleVenta (DetalleID, VentaID, ProductoID, Cantidad, PrecioVenta, Subtotal) VALUES (863, 258, 44, 3, 44.15, 132.45);
INSERT INTO DetalleVenta (DetalleID, VentaID, ProductoID, Cantidad, PrecioVenta, Subtotal) VALUES (864, 258, 36, 4, 33.84, 135.36);
INSERT INTO DetalleVenta (DetalleID, VentaID, ProductoID, Cantidad, PrecioVenta, Subtotal) VALUES (865, 258, 13, 2, 26.74, 53.48);
INSERT INTO DetalleVenta (DetalleID, VentaID, ProductoID, Cantidad, PrecioVenta, Subtotal) VALUES (866, 258, 20, 3, 34.61, 103.83);
UPDATE Venta SET Total = 425.12 WHERE VentaID = 258;
INSERT INTO Venta (VentaID, Fecha, Total, ClienteID, UsuarioID) VALUES (259, '2024-10-09', 0, 75, 2);
INSERT INTO DetalleVenta (DetalleID, VentaID, ProductoID, Cantidad, PrecioVenta, Subtotal) VALUES (867, 259, 36, 2, 33.84, 67.68);
INSERT INTO DetalleVenta (DetalleID, VentaID, ProductoID, Cantidad, PrecioVenta, Subtotal) VALUES (868, 259, 27, 4, 7.89, 31.56);
INSERT INTO DetalleVenta (DetalleID, VentaID, ProductoID, Cantidad, PrecioVenta, Subtotal) VALUES (869, 259, 29, 5, 45.87, 229.35);
INSERT INTO DetalleVenta (DetalleID, VentaID, ProductoID, Cantidad, PrecioVenta, Subtotal) VALUES (870, 259, 44, 3, 44.15, 132.45);
INSERT INTO DetalleVenta (DetalleID, VentaID, ProductoID, Cantidad, PrecioVenta, Subtotal) VALUES (871, 259, 38, 5, 12.3, 61.5);
UPDATE Venta SET Total = 522.54 WHERE VentaID = 259;
INSERT INTO Venta (VentaID, Fecha, Total, ClienteID, UsuarioID) VALUES (260, '2024-10-03', 0, 99, 1);
INSERT INTO DetalleVenta (DetalleID, VentaID, ProductoID, Cantidad, PrecioVenta, Subtotal) VALUES (872, 260, 80, 1, 23.7, 23.7);
INSERT INTO DetalleVenta (DetalleID, VentaID, ProductoID, Cantidad, PrecioVenta, Subtotal) VALUES (873, 260, 42, 2, 42.81, 85.62);
INSERT INTO DetalleVenta (DetalleID, VentaID, ProductoID, Cantidad, PrecioVenta, Subtotal) VALUES (874, 260, 69, 2, 22.5, 45.0);
INSERT INTO DetalleVenta (DetalleID, VentaID, ProductoID, Cantidad, PrecioVenta, Subtotal) VALUES (875, 260, 54, 5, 42.04, 210.2);
INSERT INTO DetalleVenta (DetalleID, VentaID, ProductoID, Cantidad, PrecioVenta, Subtotal) VALUES (876, 260, 11, 1, 26.15, 26.15);
UPDATE Venta SET Total = 390.67 WHERE VentaID = 260;
INSERT INTO Venta (VentaID, Fecha, Total, ClienteID, UsuarioID) VALUES (261, '2024-10-15', 0, 96, 2);
INSERT INTO DetalleVenta (DetalleID, VentaID, ProductoID, Cantidad, PrecioVenta, Subtotal) VALUES (877, 261, 18, 5, 21.11, 105.55);
INSERT INTO DetalleVenta (DetalleID, VentaID, ProductoID, Cantidad, PrecioVenta, Subtotal) VALUES (878, 261, 60, 2, 3.05, 6.1);
UPDATE Venta SET Total = 111.65 WHERE VentaID = 261;
INSERT INTO Venta (VentaID, Fecha, Total, ClienteID, UsuarioID) VALUES (262, '2024-10-10', 0, 20, 4);
INSERT INTO DetalleVenta (DetalleID, VentaID, ProductoID, Cantidad, PrecioVenta, Subtotal) VALUES (879, 262, 25, 3, 20.64, 61.92);
INSERT INTO DetalleVenta (DetalleID, VentaID, ProductoID, Cantidad, PrecioVenta, Subtotal) VALUES (880, 262, 74, 1, 24.29, 24.29);
INSERT INTO DetalleVenta (DetalleID, VentaID, ProductoID, Cantidad, PrecioVenta, Subtotal) VALUES (881, 262, 14, 3, 45.31, 135.93);
INSERT INTO DetalleVenta (DetalleID, VentaID, ProductoID, Cantidad, PrecioVenta, Subtotal) VALUES (882, 262, 49, 3, 19.43, 58.29);
UPDATE Venta SET Total = 280.43 WHERE VentaID = 262;
INSERT INTO Venta (VentaID, Fecha, Total, ClienteID, UsuarioID) VALUES (263, '2024-10-21', 0, 41, 1);
INSERT INTO DetalleVenta (DetalleID, VentaID, ProductoID, Cantidad, PrecioVenta, Subtotal) VALUES (883, 263, 36, 1, 33.84, 33.84);
INSERT INTO DetalleVenta (DetalleID, VentaID, ProductoID, Cantidad, PrecioVenta, Subtotal) VALUES (884, 263, 18, 2, 21.11, 42.22);
INSERT INTO DetalleVenta (DetalleID, VentaID, ProductoID, Cantidad, PrecioVenta, Subtotal) VALUES (885, 263, 63, 4, 23.23, 92.92);
INSERT INTO DetalleVenta (DetalleID, VentaID, ProductoID, Cantidad, PrecioVenta, Subtotal) VALUES (886, 263, 74, 2, 24.29, 48.58);
INSERT INTO DetalleVenta (DetalleID, VentaID, ProductoID, Cantidad, PrecioVenta, Subtotal) VALUES (887, 263, 70, 2, 13.62, 27.24);
UPDATE Venta SET Total = 244.8 WHERE VentaID = 263;
INSERT INTO Venta (VentaID, Fecha, Total, ClienteID, UsuarioID) VALUES (264, '2024-10-04', 0, 44, 1);
INSERT INTO DetalleVenta (DetalleID, VentaID, ProductoID, Cantidad, PrecioVenta, Subtotal) VALUES (888, 264, 50, 4, 9.35, 37.4);
INSERT INTO DetalleVenta (DetalleID, VentaID, ProductoID, Cantidad, PrecioVenta, Subtotal) VALUES (889, 264, 58, 4, 24.66, 98.64);
INSERT INTO DetalleVenta (DetalleID, VentaID, ProductoID, Cantidad, PrecioVenta, Subtotal) VALUES (890, 264, 10, 3, 44.99, 134.97);
INSERT INTO DetalleVenta (DetalleID, VentaID, ProductoID, Cantidad, PrecioVenta, Subtotal) VALUES (891, 264, 2, 5, 38.88, 194.4);
INSERT INTO DetalleVenta (DetalleID, VentaID, ProductoID, Cantidad, PrecioVenta, Subtotal) VALUES (892, 264, 12, 1, 16.32, 16.32);
UPDATE Venta SET Total = 481.73 WHERE VentaID = 264;
INSERT INTO Venta (VentaID, Fecha, Total, ClienteID, UsuarioID) VALUES (265, '2024-10-26', 0, 83, 4);
INSERT INTO DetalleVenta (DetalleID, VentaID, ProductoID, Cantidad, PrecioVenta, Subtotal) VALUES (893, 265, 74, 3, 24.29, 72.87);
INSERT INTO DetalleVenta (DetalleID, VentaID, ProductoID, Cantidad, PrecioVenta, Subtotal) VALUES (894, 265, 46, 3, 22.38, 67.14);
UPDATE Venta SET Total = 140.01 WHERE VentaID = 265;
INSERT INTO Venta (VentaID, Fecha, Total, ClienteID, UsuarioID) VALUES (266, '2024-10-19', 0, 16, 2);
INSERT INTO DetalleVenta (DetalleID, VentaID, ProductoID, Cantidad, PrecioVenta, Subtotal) VALUES (895, 266, 61, 5, 23.52, 117.6);
INSERT INTO DetalleVenta (DetalleID, VentaID, ProductoID, Cantidad, PrecioVenta, Subtotal) VALUES (896, 266, 25, 1, 20.64, 20.64);
INSERT INTO DetalleVenta (DetalleID, VentaID, ProductoID, Cantidad, PrecioVenta, Subtotal) VALUES (897, 266, 79, 4, 49.66, 198.64);
INSERT INTO DetalleVenta (DetalleID, VentaID, ProductoID, Cantidad, PrecioVenta, Subtotal) VALUES (898, 266, 52, 2, 46.86, 93.72);
INSERT INTO DetalleVenta (DetalleID, VentaID, ProductoID, Cantidad, PrecioVenta, Subtotal) VALUES (899, 266, 57, 4, 49.39, 197.56);
UPDATE Venta SET Total = 628.16 WHERE VentaID = 266;
INSERT INTO Venta (VentaID, Fecha, Total, ClienteID, UsuarioID) VALUES (267, '2024-10-09', 0, 83, 2);
INSERT INTO DetalleVenta (DetalleID, VentaID, ProductoID, Cantidad, PrecioVenta, Subtotal) VALUES (900, 267, 54, 4, 42.04, 168.16);
INSERT INTO DetalleVenta (DetalleID, VentaID, ProductoID, Cantidad, PrecioVenta, Subtotal) VALUES (901, 267, 66, 4, 44.26, 177.04);
INSERT INTO DetalleVenta (DetalleID, VentaID, ProductoID, Cantidad, PrecioVenta, Subtotal) VALUES (902, 267, 31, 3, 4.6, 13.8);
UPDATE Venta SET Total = 359.0 WHERE VentaID = 267;
INSERT INTO Venta (VentaID, Fecha, Total, ClienteID, UsuarioID) VALUES (268, '2024-10-17', 0, 47, 3);
INSERT INTO DetalleVenta (DetalleID, VentaID, ProductoID, Cantidad, PrecioVenta, Subtotal) VALUES (903, 268, 41, 3, 26.89, 80.67);
INSERT INTO DetalleVenta (DetalleID, VentaID, ProductoID, Cantidad, PrecioVenta, Subtotal) VALUES (904, 268, 12, 3, 16.32, 48.96);
INSERT INTO DetalleVenta (DetalleID, VentaID, ProductoID, Cantidad, PrecioVenta, Subtotal) VALUES (905, 268, 52, 2, 46.86, 93.72);
INSERT INTO DetalleVenta (DetalleID, VentaID, ProductoID, Cantidad, PrecioVenta, Subtotal) VALUES (906, 268, 20, 2, 34.61, 69.22);
UPDATE Venta SET Total = 292.57 WHERE VentaID = 268;
INSERT INTO Venta (VentaID, Fecha, Total, ClienteID, UsuarioID) VALUES (269, '2024-10-14', 0, 92, 1);
INSERT INTO DetalleVenta (DetalleID, VentaID, ProductoID, Cantidad, PrecioVenta, Subtotal) VALUES (907, 269, 21, 5, 25.69, 128.45);
INSERT INTO DetalleVenta (DetalleID, VentaID, ProductoID, Cantidad, PrecioVenta, Subtotal) VALUES (908, 269, 8, 3, 47.81, 143.43);
INSERT INTO DetalleVenta (DetalleID, VentaID, ProductoID, Cantidad, PrecioVenta, Subtotal) VALUES (909, 269, 59, 3, 40.02, 120.06);
UPDATE Venta SET Total = 391.94 WHERE VentaID = 269;
INSERT INTO Venta (VentaID, Fecha, Total, ClienteID, UsuarioID) VALUES (270, '2024-10-05', 0, 100, 1);
INSERT INTO DetalleVenta (DetalleID, VentaID, ProductoID, Cantidad, PrecioVenta, Subtotal) VALUES (910, 270, 62, 5, 19.02, 95.1);
INSERT INTO DetalleVenta (DetalleID, VentaID, ProductoID, Cantidad, PrecioVenta, Subtotal) VALUES (911, 270, 20, 3, 34.61, 103.83);
INSERT INTO DetalleVenta (DetalleID, VentaID, ProductoID, Cantidad, PrecioVenta, Subtotal) VALUES (912, 270, 13, 2, 26.74, 53.48);
INSERT INTO DetalleVenta (DetalleID, VentaID, ProductoID, Cantidad, PrecioVenta, Subtotal) VALUES (913, 270, 45, 2, 42.47, 84.94);
UPDATE Venta SET Total = 337.35 WHERE VentaID = 270;
INSERT INTO Venta (VentaID, Fecha, Total, ClienteID, UsuarioID) VALUES (271, '2024-09-13', 0, 61, 3);
INSERT INTO DetalleVenta (DetalleID, VentaID, ProductoID, Cantidad, PrecioVenta, Subtotal) VALUES (914, 271, 67, 2, 45.11, 90.22);
INSERT INTO DetalleVenta (DetalleID, VentaID, ProductoID, Cantidad, PrecioVenta, Subtotal) VALUES (915, 271, 70, 3, 13.62, 40.86);
UPDATE Venta SET Total = 131.08 WHERE VentaID = 271;
INSERT INTO Venta (VentaID, Fecha, Total, ClienteID, UsuarioID) VALUES (272, '2024-09-11', 0, 64, 3);
INSERT INTO DetalleVenta (DetalleID, VentaID, ProductoID, Cantidad, PrecioVenta, Subtotal) VALUES (916, 272, 6, 4, 12.11, 48.44);
INSERT INTO DetalleVenta (DetalleID, VentaID, ProductoID, Cantidad, PrecioVenta, Subtotal) VALUES (917, 272, 75, 4, 38.24, 152.96);
INSERT INTO DetalleVenta (DetalleID, VentaID, ProductoID, Cantidad, PrecioVenta, Subtotal) VALUES (918, 272, 72, 2, 30.72, 61.44);
INSERT INTO DetalleVenta (DetalleID, VentaID, ProductoID, Cantidad, PrecioVenta, Subtotal) VALUES (919, 272, 55, 3, 35.02, 105.06);
INSERT INTO DetalleVenta (DetalleID, VentaID, ProductoID, Cantidad, PrecioVenta, Subtotal) VALUES (920, 272, 60, 2, 3.05, 6.1);
UPDATE Venta SET Total = 374.0 WHERE VentaID = 272;
INSERT INTO Venta (VentaID, Fecha, Total, ClienteID, UsuarioID) VALUES (273, '2024-09-06', 0, 72, 4);
INSERT INTO DetalleVenta (DetalleID, VentaID, ProductoID, Cantidad, PrecioVenta, Subtotal) VALUES (921, 273, 18, 1, 21.11, 21.11);
INSERT INTO DetalleVenta (DetalleID, VentaID, ProductoID, Cantidad, PrecioVenta, Subtotal) VALUES (922, 273, 76, 1, 18.88, 18.88);
INSERT INTO DetalleVenta (DetalleID, VentaID, ProductoID, Cantidad, PrecioVenta, Subtotal) VALUES (923, 273, 72, 2, 30.72, 61.44);
UPDATE Venta SET Total = 101.43 WHERE VentaID = 273;
INSERT INTO Venta (VentaID, Fecha, Total, ClienteID, UsuarioID) VALUES (274, '2024-09-07', 0, 98, 2);
INSERT INTO DetalleVenta (DetalleID, VentaID, ProductoID, Cantidad, PrecioVenta, Subtotal) VALUES (924, 274, 9, 1, 11.09, 11.09);
INSERT INTO DetalleVenta (DetalleID, VentaID, ProductoID, Cantidad, PrecioVenta, Subtotal) VALUES (925, 274, 67, 4, 45.11, 180.44);
INSERT INTO DetalleVenta (DetalleID, VentaID, ProductoID, Cantidad, PrecioVenta, Subtotal) VALUES (926, 274, 62, 5, 19.02, 95.1);
UPDATE Venta SET Total = 286.63 WHERE VentaID = 274;
INSERT INTO Venta (VentaID, Fecha, Total, ClienteID, UsuarioID) VALUES (275, '2024-09-16', 0, 64, 2);
INSERT INTO DetalleVenta (DetalleID, VentaID, ProductoID, Cantidad, PrecioVenta, Subtotal) VALUES (927, 275, 5, 2, 28.89, 57.78);
INSERT INTO DetalleVenta (DetalleID, VentaID, ProductoID, Cantidad, PrecioVenta, Subtotal) VALUES (928, 275, 75, 5, 38.24, 191.2);
INSERT INTO DetalleVenta (DetalleID, VentaID, ProductoID, Cantidad, PrecioVenta, Subtotal) VALUES (929, 275, 15, 3, 43.65, 130.95);
INSERT INTO DetalleVenta (DetalleID, VentaID, ProductoID, Cantidad, PrecioVenta, Subtotal) VALUES (930, 275, 65, 4, 33.75, 135.0);
INSERT INTO DetalleVenta (DetalleID, VentaID, ProductoID, Cantidad, PrecioVenta, Subtotal) VALUES (931, 275, 36, 2, 33.84, 67.68);
UPDATE Venta SET Total = 582.61 WHERE VentaID = 275;
INSERT INTO Venta (VentaID, Fecha, Total, ClienteID, UsuarioID) VALUES (276, '2024-09-09', 0, 54, 5);
INSERT INTO DetalleVenta (DetalleID, VentaID, ProductoID, Cantidad, PrecioVenta, Subtotal) VALUES (932, 276, 51, 2, 44.72, 89.44);
INSERT INTO DetalleVenta (DetalleID, VentaID, ProductoID, Cantidad, PrecioVenta, Subtotal) VALUES (933, 276, 25, 2, 20.64, 41.28);
INSERT INTO DetalleVenta (DetalleID, VentaID, ProductoID, Cantidad, PrecioVenta, Subtotal) VALUES (934, 276, 62, 1, 19.02, 19.02);
INSERT INTO DetalleVenta (DetalleID, VentaID, ProductoID, Cantidad, PrecioVenta, Subtotal) VALUES (935, 276, 28, 3, 48.97, 146.91);
UPDATE Venta SET Total = 296.65 WHERE VentaID = 276;
INSERT INTO Venta (VentaID, Fecha, Total, ClienteID, UsuarioID) VALUES (277, '2024-09-24', 0, 73, 1);
INSERT INTO DetalleVenta (DetalleID, VentaID, ProductoID, Cantidad, PrecioVenta, Subtotal) VALUES (936, 277, 32, 3, 33.44, 100.32);
INSERT INTO DetalleVenta (DetalleID, VentaID, ProductoID, Cantidad, PrecioVenta, Subtotal) VALUES (937, 277, 13, 1, 26.74, 26.74);
INSERT INTO DetalleVenta (DetalleID, VentaID, ProductoID, Cantidad, PrecioVenta, Subtotal) VALUES (938, 277, 57, 2, 49.39, 98.78);
INSERT INTO DetalleVenta (DetalleID, VentaID, ProductoID, Cantidad, PrecioVenta, Subtotal) VALUES (939, 277, 78, 4, 28.33, 113.32);
INSERT INTO DetalleVenta (DetalleID, VentaID, ProductoID, Cantidad, PrecioVenta, Subtotal) VALUES (940, 277, 15, 1, 43.65, 43.65);
UPDATE Venta SET Total = 382.81 WHERE VentaID = 277;
INSERT INTO Venta (VentaID, Fecha, Total, ClienteID, UsuarioID) VALUES (278, '2024-09-12', 0, 51, 4);
INSERT INTO DetalleVenta (DetalleID, VentaID, ProductoID, Cantidad, PrecioVenta, Subtotal) VALUES (941, 278, 14, 2, 45.31, 90.62);
INSERT INTO DetalleVenta (DetalleID, VentaID, ProductoID, Cantidad, PrecioVenta, Subtotal) VALUES (942, 278, 49, 4, 19.43, 77.72);
INSERT INTO DetalleVenta (DetalleID, VentaID, ProductoID, Cantidad, PrecioVenta, Subtotal) VALUES (943, 278, 25, 1, 20.64, 20.64);
INSERT INTO DetalleVenta (DetalleID, VentaID, ProductoID, Cantidad, PrecioVenta, Subtotal) VALUES (944, 278, 54, 3, 42.04, 126.12);
UPDATE Venta SET Total = 315.1 WHERE VentaID = 278;
INSERT INTO Venta (VentaID, Fecha, Total, ClienteID, UsuarioID) VALUES (279, '2024-09-21', 0, 98, 5);
INSERT INTO DetalleVenta (DetalleID, VentaID, ProductoID, Cantidad, PrecioVenta, Subtotal) VALUES (945, 279, 15, 2, 43.65, 87.3);
INSERT INTO DetalleVenta (DetalleID, VentaID, ProductoID, Cantidad, PrecioVenta, Subtotal) VALUES (946, 279, 19, 3, 48.63, 145.89);
INSERT INTO DetalleVenta (DetalleID, VentaID, ProductoID, Cantidad, PrecioVenta, Subtotal) VALUES (947, 279, 12, 2, 16.32, 32.64);
INSERT INTO DetalleVenta (DetalleID, VentaID, ProductoID, Cantidad, PrecioVenta, Subtotal) VALUES (948, 279, 20, 1, 34.61, 34.61);
UPDATE Venta SET Total = 300.44 WHERE VentaID = 279;
INSERT INTO Venta (VentaID, Fecha, Total, ClienteID, UsuarioID) VALUES (280, '2024-09-26', 0, 22, 5);
INSERT INTO DetalleVenta (DetalleID, VentaID, ProductoID, Cantidad, PrecioVenta, Subtotal) VALUES (949, 280, 47, 5, 42.3, 211.5);
INSERT INTO DetalleVenta (DetalleID, VentaID, ProductoID, Cantidad, PrecioVenta, Subtotal) VALUES (950, 280, 4, 3, 7.65, 22.95);
UPDATE Venta SET Total = 234.45 WHERE VentaID = 280;
INSERT INTO Venta (VentaID, Fecha, Total, ClienteID, UsuarioID) VALUES (281, '2024-09-23', 0, 86, 3);
INSERT INTO DetalleVenta (DetalleID, VentaID, ProductoID, Cantidad, PrecioVenta, Subtotal) VALUES (951, 281, 62, 1, 19.02, 19.02);
INSERT INTO DetalleVenta (DetalleID, VentaID, ProductoID, Cantidad, PrecioVenta, Subtotal) VALUES (952, 281, 2, 3, 38.88, 116.64);
INSERT INTO DetalleVenta (DetalleID, VentaID, ProductoID, Cantidad, PrecioVenta, Subtotal) VALUES (953, 281, 9, 1, 11.09, 11.09);
UPDATE Venta SET Total = 146.75 WHERE VentaID = 281;
INSERT INTO Venta (VentaID, Fecha, Total, ClienteID, UsuarioID) VALUES (282, '2024-09-17', 0, 35, 3);
INSERT INTO DetalleVenta (DetalleID, VentaID, ProductoID, Cantidad, PrecioVenta, Subtotal) VALUES (954, 282, 25, 4, 20.64, 82.56);
INSERT INTO DetalleVenta (DetalleID, VentaID, ProductoID, Cantidad, PrecioVenta, Subtotal) VALUES (955, 282, 64, 4, 44.76, 179.04);
UPDATE Venta SET Total = 261.6 WHERE VentaID = 282;
INSERT INTO Venta (VentaID, Fecha, Total, ClienteID, UsuarioID) VALUES (283, '2024-09-07', 0, 66, 3);
INSERT INTO DetalleVenta (DetalleID, VentaID, ProductoID, Cantidad, PrecioVenta, Subtotal) VALUES (956, 283, 80, 4, 23.7, 94.8);
INSERT INTO DetalleVenta (DetalleID, VentaID, ProductoID, Cantidad, PrecioVenta, Subtotal) VALUES (957, 283, 57, 4, 49.39, 197.56);
UPDATE Venta SET Total = 292.36 WHERE VentaID = 283;
INSERT INTO Venta (VentaID, Fecha, Total, ClienteID, UsuarioID) VALUES (284, '2024-09-26', 0, 51, 5);
INSERT INTO DetalleVenta (DetalleID, VentaID, ProductoID, Cantidad, PrecioVenta, Subtotal) VALUES (958, 284, 38, 5, 12.3, 61.5);
INSERT INTO DetalleVenta (DetalleID, VentaID, ProductoID, Cantidad, PrecioVenta, Subtotal) VALUES (959, 284, 2, 5, 38.88, 194.4);
UPDATE Venta SET Total = 255.9 WHERE VentaID = 284;
INSERT INTO Venta (VentaID, Fecha, Total, ClienteID, UsuarioID) VALUES (285, '2024-09-15', 0, 55, 3);
INSERT INTO DetalleVenta (DetalleID, VentaID, ProductoID, Cantidad, PrecioVenta, Subtotal) VALUES (960, 285, 14, 2, 45.31, 90.62);
INSERT INTO DetalleVenta (DetalleID, VentaID, ProductoID, Cantidad, PrecioVenta, Subtotal) VALUES (961, 285, 5, 4, 28.89, 115.56);
INSERT INTO DetalleVenta (DetalleID, VentaID, ProductoID, Cantidad, PrecioVenta, Subtotal) VALUES (962, 285, 3, 5, 1.75, 8.75);
INSERT INTO DetalleVenta (DetalleID, VentaID, ProductoID, Cantidad, PrecioVenta, Subtotal) VALUES (963, 285, 13, 1, 26.74, 26.74);
INSERT INTO DetalleVenta (DetalleID, VentaID, ProductoID, Cantidad, PrecioVenta, Subtotal) VALUES (964, 285, 37, 1, 35.44, 35.44);
UPDATE Venta SET Total = 277.11 WHERE VentaID = 285;
INSERT INTO Venta (VentaID, Fecha, Total, ClienteID, UsuarioID) VALUES (286, '2024-09-27', 0, 96, 3);
INSERT INTO DetalleVenta (DetalleID, VentaID, ProductoID, Cantidad, PrecioVenta, Subtotal) VALUES (965, 286, 5, 2, 28.89, 57.78);
INSERT INTO DetalleVenta (DetalleID, VentaID, ProductoID, Cantidad, PrecioVenta, Subtotal) VALUES (966, 286, 10, 4, 44.99, 179.96);
INSERT INTO DetalleVenta (DetalleID, VentaID, ProductoID, Cantidad, PrecioVenta, Subtotal) VALUES (967, 286, 37, 5, 35.44, 177.2);
INSERT INTO DetalleVenta (DetalleID, VentaID, ProductoID, Cantidad, PrecioVenta, Subtotal) VALUES (968, 286, 35, 2, 43.04, 86.08);
UPDATE Venta SET Total = 501.02 WHERE VentaID = 286;
INSERT INTO Venta (VentaID, Fecha, Total, ClienteID, UsuarioID) VALUES (287, '2024-09-27', 0, 89, 2);
INSERT INTO DetalleVenta (DetalleID, VentaID, ProductoID, Cantidad, PrecioVenta, Subtotal) VALUES (969, 287, 66, 4, 44.26, 177.04);
INSERT INTO DetalleVenta (DetalleID, VentaID, ProductoID, Cantidad, PrecioVenta, Subtotal) VALUES (970, 287, 55, 4, 35.02, 140.08);
INSERT INTO DetalleVenta (DetalleID, VentaID, ProductoID, Cantidad, PrecioVenta, Subtotal) VALUES (971, 287, 23, 3, 48.44, 145.32);
INSERT INTO DetalleVenta (DetalleID, VentaID, ProductoID, Cantidad, PrecioVenta, Subtotal) VALUES (972, 287, 76, 3, 18.88, 56.64);
UPDATE Venta SET Total = 519.08 WHERE VentaID = 287;
INSERT INTO Venta (VentaID, Fecha, Total, ClienteID, UsuarioID) VALUES (288, '2024-09-21', 0, 39, 5);
INSERT INTO DetalleVenta (DetalleID, VentaID, ProductoID, Cantidad, PrecioVenta, Subtotal) VALUES (973, 288, 54, 3, 42.04, 126.12);
INSERT INTO DetalleVenta (DetalleID, VentaID, ProductoID, Cantidad, PrecioVenta, Subtotal) VALUES (974, 288, 14, 4, 45.31, 181.24);
INSERT INTO DetalleVenta (DetalleID, VentaID, ProductoID, Cantidad, PrecioVenta, Subtotal) VALUES (975, 288, 31, 3, 4.6, 13.8);
INSERT INTO DetalleVenta (DetalleID, VentaID, ProductoID, Cantidad, PrecioVenta, Subtotal) VALUES (976, 288, 69, 5, 22.5, 112.5);
INSERT INTO DetalleVenta (DetalleID, VentaID, ProductoID, Cantidad, PrecioVenta, Subtotal) VALUES (977, 288, 53, 4, 47.85, 191.4);
UPDATE Venta SET Total = 625.06 WHERE VentaID = 288;
INSERT INTO Venta (VentaID, Fecha, Total, ClienteID, UsuarioID) VALUES (289, '2024-09-24', 0, 7, 3);
INSERT INTO DetalleVenta (DetalleID, VentaID, ProductoID, Cantidad, PrecioVenta, Subtotal) VALUES (978, 289, 49, 1, 19.43, 19.43);
INSERT INTO DetalleVenta (DetalleID, VentaID, ProductoID, Cantidad, PrecioVenta, Subtotal) VALUES (979, 289, 11, 1, 26.15, 26.15);
UPDATE Venta SET Total = 45.58 WHERE VentaID = 289;
INSERT INTO Venta (VentaID, Fecha, Total, ClienteID, UsuarioID) VALUES (290, '2024-09-02', 0, 65, 3);
INSERT INTO DetalleVenta (DetalleID, VentaID, ProductoID, Cantidad, PrecioVenta, Subtotal) VALUES (980, 290, 32, 4, 33.44, 133.76);
INSERT INTO DetalleVenta (DetalleID, VentaID, ProductoID, Cantidad, PrecioVenta, Subtotal) VALUES (981, 290, 20, 5, 34.61, 173.05);
INSERT INTO DetalleVenta (DetalleID, VentaID, ProductoID, Cantidad, PrecioVenta, Subtotal) VALUES (982, 290, 69, 1, 22.5, 22.5);
INSERT INTO DetalleVenta (DetalleID, VentaID, ProductoID, Cantidad, PrecioVenta, Subtotal) VALUES (983, 290, 46, 3, 22.38, 67.14);
UPDATE Venta SET Total = 396.45 WHERE VentaID = 290;
INSERT INTO Venta (VentaID, Fecha, Total, ClienteID, UsuarioID) VALUES (291, '2024-09-16', 0, 34, 4);
INSERT INTO DetalleVenta (DetalleID, VentaID, ProductoID, Cantidad, PrecioVenta, Subtotal) VALUES (984, 291, 61, 3, 23.52, 70.56);
INSERT INTO DetalleVenta (DetalleID, VentaID, ProductoID, Cantidad, PrecioVenta, Subtotal) VALUES (985, 291, 68, 5, 7.93, 39.65);
INSERT INTO DetalleVenta (DetalleID, VentaID, ProductoID, Cantidad, PrecioVenta, Subtotal) VALUES (986, 291, 78, 1, 28.33, 28.33);
INSERT INTO DetalleVenta (DetalleID, VentaID, ProductoID, Cantidad, PrecioVenta, Subtotal) VALUES (987, 291, 4, 4, 7.65, 30.6);
UPDATE Venta SET Total = 169.14 WHERE VentaID = 291;
INSERT INTO Venta (VentaID, Fecha, Total, ClienteID, UsuarioID) VALUES (292, '2024-09-08', 0, 97, 1);
INSERT INTO DetalleVenta (DetalleID, VentaID, ProductoID, Cantidad, PrecioVenta, Subtotal) VALUES (988, 292, 59, 3, 40.02, 120.06);
INSERT INTO DetalleVenta (DetalleID, VentaID, ProductoID, Cantidad, PrecioVenta, Subtotal) VALUES (989, 292, 24, 2, 36.56, 73.12);
INSERT INTO DetalleVenta (DetalleID, VentaID, ProductoID, Cantidad, PrecioVenta, Subtotal) VALUES (990, 292, 12, 5, 16.32, 81.6);
UPDATE Venta SET Total = 274.78 WHERE VentaID = 292;
INSERT INTO Venta (VentaID, Fecha, Total, ClienteID, UsuarioID) VALUES (293, '2024-09-12', 0, 75, 3);
INSERT INTO DetalleVenta (DetalleID, VentaID, ProductoID, Cantidad, PrecioVenta, Subtotal) VALUES (991, 293, 78, 3, 28.33, 84.99);
INSERT INTO DetalleVenta (DetalleID, VentaID, ProductoID, Cantidad, PrecioVenta, Subtotal) VALUES (992, 293, 73, 1, 30.5, 30.5);
UPDATE Venta SET Total = 115.49 WHERE VentaID = 293;
INSERT INTO Venta (VentaID, Fecha, Total, ClienteID, UsuarioID) VALUES (294, '2024-09-18', 0, 26, 1);
INSERT INTO DetalleVenta (DetalleID, VentaID, ProductoID, Cantidad, PrecioVenta, Subtotal) VALUES (993, 294, 17, 4, 29.86, 119.44);
INSERT INTO DetalleVenta (DetalleID, VentaID, ProductoID, Cantidad, PrecioVenta, Subtotal) VALUES (994, 294, 73, 5, 30.5, 152.5);
INSERT INTO DetalleVenta (DetalleID, VentaID, ProductoID, Cantidad, PrecioVenta, Subtotal) VALUES (995, 294, 18, 1, 21.11, 21.11);
INSERT INTO DetalleVenta (DetalleID, VentaID, ProductoID, Cantidad, PrecioVenta, Subtotal) VALUES (996, 294, 45, 2, 42.47, 84.94);
UPDATE Venta SET Total = 377.99 WHERE VentaID = 294;
INSERT INTO Venta (VentaID, Fecha, Total, ClienteID, UsuarioID) VALUES (295, '2024-09-07', 0, 34, 5);
INSERT INTO DetalleVenta (DetalleID, VentaID, ProductoID, Cantidad, PrecioVenta, Subtotal) VALUES (997, 295, 58, 4, 24.66, 98.64);
INSERT INTO DetalleVenta (DetalleID, VentaID, ProductoID, Cantidad, PrecioVenta, Subtotal) VALUES (998, 295, 75, 2, 38.24, 76.48);
UPDATE Venta SET Total = 175.12 WHERE VentaID = 295;
INSERT INTO Venta (VentaID, Fecha, Total, ClienteID, UsuarioID) VALUES (296, '2024-09-06', 0, 100, 3);
INSERT INTO DetalleVenta (DetalleID, VentaID, ProductoID, Cantidad, PrecioVenta, Subtotal) VALUES (999, 296, 44, 3, 44.15, 132.45);
INSERT INTO DetalleVenta (DetalleID, VentaID, ProductoID, Cantidad, PrecioVenta, Subtotal) VALUES (1000, 296, 11, 1, 26.15, 26.15);
UPDATE Venta SET Total = 158.6 WHERE VentaID = 296;
INSERT INTO Venta (VentaID, Fecha, Total, ClienteID, UsuarioID) VALUES (297, '2024-09-24', 0, 4, 1);
INSERT INTO DetalleVenta (DetalleID, VentaID, ProductoID, Cantidad, PrecioVenta, Subtotal) VALUES (1001, 297, 66, 3, 44.26, 132.78);
INSERT INTO DetalleVenta (DetalleID, VentaID, ProductoID, Cantidad, PrecioVenta, Subtotal) VALUES (1002, 297, 32, 2, 33.44, 66.88);
INSERT INTO DetalleVenta (DetalleID, VentaID, ProductoID, Cantidad, PrecioVenta, Subtotal) VALUES (1003, 297, 11, 1, 26.15, 26.15);
INSERT INTO DetalleVenta (DetalleID, VentaID, ProductoID, Cantidad, PrecioVenta, Subtotal) VALUES (1004, 297, 40, 4, 47.42, 189.68);
INSERT INTO DetalleVenta (DetalleID, VentaID, ProductoID, Cantidad, PrecioVenta, Subtotal) VALUES (1005, 297, 70, 1, 13.62, 13.62);
UPDATE Venta SET Total = 429.11 WHERE VentaID = 297;
INSERT INTO Venta (VentaID, Fecha, Total, ClienteID, UsuarioID) VALUES (298, '2024-09-08', 0, 34, 5);
INSERT INTO DetalleVenta (DetalleID, VentaID, ProductoID, Cantidad, PrecioVenta, Subtotal) VALUES (1006, 298, 78, 5, 28.33, 141.65);
INSERT INTO DetalleVenta (DetalleID, VentaID, ProductoID, Cantidad, PrecioVenta, Subtotal) VALUES (1007, 298, 41, 2, 26.89, 53.78);
INSERT INTO DetalleVenta (DetalleID, VentaID, ProductoID, Cantidad, PrecioVenta, Subtotal) VALUES (1008, 298, 9, 4, 11.09, 44.36);
INSERT INTO DetalleVenta (DetalleID, VentaID, ProductoID, Cantidad, PrecioVenta, Subtotal) VALUES (1009, 298, 16, 3, 31.04, 93.12);
UPDATE Venta SET Total = 332.91 WHERE VentaID = 298;
INSERT INTO Venta (VentaID, Fecha, Total, ClienteID, UsuarioID) VALUES (299, '2024-09-26', 0, 65, 1);
INSERT INTO DetalleVenta (DetalleID, VentaID, ProductoID, Cantidad, PrecioVenta, Subtotal) VALUES (1010, 299, 52, 5, 46.86, 234.3);
INSERT INTO DetalleVenta (DetalleID, VentaID, ProductoID, Cantidad, PrecioVenta, Subtotal) VALUES (1011, 299, 15, 1, 43.65, 43.65);
INSERT INTO DetalleVenta (DetalleID, VentaID, ProductoID, Cantidad, PrecioVenta, Subtotal) VALUES (1012, 299, 3, 2, 1.75, 3.5);
INSERT INTO DetalleVenta (DetalleID, VentaID, ProductoID, Cantidad, PrecioVenta, Subtotal) VALUES (1013, 299, 8, 3, 47.81, 143.43);
INSERT INTO DetalleVenta (DetalleID, VentaID, ProductoID, Cantidad, PrecioVenta, Subtotal) VALUES (1014, 299, 32, 5, 33.44, 167.2);
UPDATE Venta SET Total = 592.08 WHERE VentaID = 299;
INSERT INTO Venta (VentaID, Fecha, Total, ClienteID, UsuarioID) VALUES (300, '2024-09-14', 0, 44, 4);
INSERT INTO DetalleVenta (DetalleID, VentaID, ProductoID, Cantidad, PrecioVenta, Subtotal) VALUES (1015, 300, 22, 5, 6.19, 30.95);
INSERT INTO DetalleVenta (DetalleID, VentaID, ProductoID, Cantidad, PrecioVenta, Subtotal) VALUES (1016, 300, 13, 3, 26.74, 80.22);
UPDATE Venta SET Total = 111.17 WHERE VentaID = 300;